model,per_class,seed,accuracy,macro_f1,epochs
ResNet-18 linear probe (frozen),5,0,0.9277777777777778,0.9269239641475617,
ResNet-18 linear probe (frozen),5,1,0.9138888888888889,0.9134926068788171,
ResNet-18 linear probe (frozen),5,2,0.9138888888888889,0.9137759630006089,
ResNet-18 linear probe (frozen),10,0,0.95,0.9503779941054105,
ResNet-18 linear probe (frozen),10,1,0.9583333333333334,0.9582273555880594,
ResNet-18 linear probe (frozen),10,2,0.9444444444444444,0.9442263157984625,
ResNet-18 linear probe (frozen),25,0,0.9833333333333333,0.9833239118145846,
ResNet-18 linear probe (frozen),25,1,0.9638888888888889,0.9638813267288383,
ResNet-18 linear probe (frozen),25,2,0.975,0.9749657401301174,
ResNet-18 linear probe (frozen),50,0,0.9833333333333333,0.9833239118145846,
ResNet-18 linear probe (frozen),50,1,0.9777777777777777,0.9777431415662372,
ResNet-18 linear probe (frozen),50,2,0.9833333333333333,0.9833116965910539,
ResNet-18 linear probe (frozen),all,0,0.9916666666666667,0.991665518666483,
ResNet-18 fine-tuned,all,0,1.0,1.0,10.0
ResNet-18 fine-tuned,all,1,1.0,1.0,10.0
ResNet-18 fine-tuned,all,2,1.0,1.0,9.0
Small CNN (from scratch),5,0,0.75,0.7458316386258325,300.0
Small CNN (from scratch),5,1,0.7972222222222223,0.798974116651717,300.0
Small CNN (from scratch),5,2,0.8138888888888889,0.8147024610629637,300.0
Small CNN (from scratch),10,0,0.875,0.8742974924615208,150.0
Small CNN (from scratch),10,1,0.8888888888888888,0.8889270228416569,150.0
Small CNN (from scratch),10,2,0.8916666666666667,0.8913107693668293,150.0
Small CNN (from scratch),25,0,0.9416666666666667,0.9423742278932318,60.0
Small CNN (from scratch),25,1,0.9472222222222222,0.9478738678904639,60.0
Small CNN (from scratch),25,2,0.9027777777777778,0.9033787495992734,60.0
Small CNN (from scratch),50,0,0.9222222222222223,0.9226328692739977,30.0
Small CNN (from scratch),50,1,0.9333333333333333,0.9337470761780505,30.0
Small CNN (from scratch),50,2,0.95,0.950913156331113,30.0
