model,cls,hit,chance,energy_in_box,correct
Small CNN,crazing,True,0.712125,0.7611417,True
Small CNN,crazing,True,0.5217,0.6481961,True
Small CNN,crazing,False,0.27145,0.28812948,True
Small CNN,crazing,True,0.400975,0.42427462,True
Small CNN,crazing,True,0.498575,0.60909563,True
Small CNN,crazing,True,0.480875,0.56625336,True
Small CNN,crazing,True,0.386275,0.49764404,True
Small CNN,crazing,True,0.298,0.45591736,True
Small CNN,crazing,True,0.268025,0.32545778,True
Small CNN,crazing,True,0.290075,0.32448727,True
Small CNN,crazing,True,0.40005,0.54417586,True
Small CNN,crazing,True,0.30825,0.42405424,True
Small CNN,crazing,True,0.112625,0.18508519,True
Small CNN,crazing,True,0.171625,0.22774646,True
Small CNN,crazing,True,0.12095,0.17151472,True
Small CNN,crazing,False,0.0946,0.11320626,True
Small CNN,crazing,True,0.5191,0.5956189,True
Small CNN,crazing,True,0.196425,0.25616184,True
Small CNN,crazing,True,0.399025,0.49203894,True
Small CNN,crazing,True,0.34475,0.51830274,True
Small CNN,crazing,False,0.2958,0.33645165,True
Small CNN,crazing,True,0.37335,0.45659932,True
Small CNN,crazing,True,0.4597,0.55431205,True
Small CNN,crazing,True,0.53585,0.6573326,True
Small CNN,crazing,False,0.4186,0.47956416,True
Small CNN,crazing,True,0.6621,0.74423826,True
Small CNN,crazing,True,0.85135,0.89751154,True
Small CNN,crazing,True,0.416025,0.5388653,True
Small CNN,crazing,True,0.808425,0.83370155,True
Small CNN,crazing,True,0.699075,0.7962728,True
Small CNN,crazing,True,0.664125,0.72582597,True
Small CNN,crazing,True,0.662,0.72677493,True
Small CNN,crazing,True,0.838425,0.8873337,True
Small CNN,crazing,True,0.65335,0.767772,True
Small CNN,crazing,True,0.64145,0.6846163,True
Small CNN,crazing,True,0.660375,0.7740665,True
Small CNN,crazing,True,0.727375,0.82641363,True
Small CNN,crazing,True,0.5333,0.59576154,True
Small CNN,crazing,False,0.49655,0.54361486,True
Small CNN,crazing,True,0.72155,0.8101613,True
Small CNN,crazing,True,0.7098,0.8254796,True
Small CNN,crazing,False,0.20085,0.22085316,True
Small CNN,crazing,True,0.455175,0.513905,True
Small CNN,crazing,False,0.600525,0.64795953,True
Small CNN,crazing,True,0.6084,0.7338418,True
Small CNN,crazing,True,0.7105,0.7482911,True
Small CNN,crazing,True,0.20825,0.28097126,True
Small CNN,crazing,False,0.424525,0.4533045,True
Small CNN,crazing,True,0.15975,0.19546394,True
Small CNN,crazing,True,0.838325,0.9253075,True
Small CNN,crazing,False,0.52345,0.59109247,True
Small CNN,crazing,False,0.485225,0.5322195,True
Small CNN,crazing,False,0.52675,0.5127009,True
Small CNN,crazing,False,0.40015,0.41610906,True
Small CNN,crazing,True,0.51255,0.6636914,True
Small CNN,crazing,True,0.58265,0.61859006,True
Small CNN,crazing,True,0.518775,0.64946723,True
Small CNN,crazing,True,0.7341,0.7859908,True
Small CNN,crazing,True,0.24745,0.28119138,True
Small CNN,crazing,True,0.59545,0.68549544,True
Small CNN,inclusion,False,0.2772,0.26270643,True
Small CNN,inclusion,False,0.2574,0.26146173,True
Small CNN,inclusion,False,0.2156,0.23860195,True
Small CNN,inclusion,False,0.392625,0.39991382,True
Small CNN,inclusion,True,0.3128,0.32017618,True
Small CNN,inclusion,True,0.331425,0.32612818,True
Small CNN,inclusion,True,0.35055,0.31710115,True
Small CNN,inclusion,True,0.426375,0.4095977,True
Small CNN,inclusion,False,0.49155,0.5036617,True
Small CNN,inclusion,True,0.2527,0.24977252,True
Small CNN,inclusion,False,0.26595,0.2818326,True
Small CNN,inclusion,False,0.3582,0.37208772,True
Small CNN,inclusion,False,0.212625,0.2198476,True
Small CNN,inclusion,False,0.027075,0.022485882,True
Small CNN,inclusion,False,0.0607,0.060948588,True
Small CNN,inclusion,True,0.256275,0.23445277,True
Small CNN,inclusion,True,0.343875,0.3419308,True
Small CNN,inclusion,True,0.1771,0.15253675,True
Small CNN,inclusion,True,0.4109,0.3955494,True
Small CNN,inclusion,True,0.273875,0.26832023,True
Small CNN,inclusion,False,0.26595,0.2716157,True
Small CNN,inclusion,True,0.1206,0.112233825,True
Small CNN,inclusion,True,0.14,0.13853392,True
Small CNN,inclusion,True,0.173875,0.17606704,True
Small CNN,inclusion,True,0.23265,0.21708708,True
Small CNN,inclusion,True,0.2786,0.27978322,True
Small CNN,inclusion,False,0.1341,0.106702775,True
Small CNN,inclusion,True,0.148525,0.15777959,True
Small CNN,inclusion,False,0.50875,0.5632584,True
Small CNN,inclusion,False,0.16105,0.14762226,True
Small CNN,inclusion,False,0.1471,0.10449385,True
Small CNN,inclusion,False,0.1161,0.046313297,True
Small CNN,inclusion,False,0.119475,0.04425656,True
Small CNN,inclusion,False,0.07375,0.054012265,True
Small CNN,inclusion,False,0.141,0.12797372,True
Small CNN,inclusion,False,0.11475,0.06702658,True
Small CNN,inclusion,False,0.0304,0.034559954,True
Small CNN,inclusion,False,0.0713,0.061070733,True
Small CNN,inclusion,False,0.1431,0.04265959,True
Small CNN,inclusion,False,0.160875,0.05656623,True
Small CNN,inclusion,False,0.12515,0.06954481,True
Small CNN,inclusion,True,0.191125,0.23156288,True
Small CNN,inclusion,False,0.194025,0.19166487,True
Small CNN,inclusion,False,0.194025,0.20568174,True
Small CNN,inclusion,True,0.2769,0.2762335,True
Small CNN,inclusion,False,0.183,0.10874217,True
Small CNN,inclusion,False,0.099525,0.054332495,True
Small CNN,inclusion,False,0.09685,0.078877866,True
Small CNN,inclusion,True,0.371025,0.3897882,True
Small CNN,inclusion,False,0.48135,0.5181542,True
Small CNN,inclusion,False,0.10445,0.08259257,True
Small CNN,inclusion,False,0.2058,0.21513969,True
Small CNN,inclusion,True,0.33255,0.35627544,True
Small CNN,inclusion,True,0.21735,0.24858162,True
Small CNN,inclusion,True,0.15165,0.14832903,True
Small CNN,inclusion,False,0.1376,0.143235,True
Small CNN,inclusion,True,0.168875,0.16495806,True
Small CNN,inclusion,True,0.197075,0.20601374,True
Small CNN,inclusion,True,0.244675,0.26555938,True
Small CNN,inclusion,False,0.1732,0.18884233,True
Small CNN,patches,True,0.249475,0.39762026,True
Small CNN,patches,True,0.2528,0.5780344,True
Small CNN,patches,True,0.216,0.35770786,True
Small CNN,patches,True,0.35105,0.4926481,True
Small CNN,patches,True,0.226525,0.40993035,True
Small CNN,patches,True,0.63295,0.78391516,True
Small CNN,patches,True,0.2157,0.46088648,True
Small CNN,patches,True,0.336825,0.576812,True
Small CNN,patches,True,0.28445,0.5394533,True
Small CNN,patches,True,0.258925,0.4590453,True
Small CNN,patches,True,0.4998,0.6424477,True
Small CNN,patches,True,0.6928,0.7754679,True
Small CNN,patches,True,0.176,0.3781962,True
Small CNN,patches,True,0.421,0.6195299,True
Small CNN,patches,True,0.48735,0.6097158,True
Small CNN,patches,True,0.424,0.5656319,True
Small CNN,patches,True,0.691125,0.8192648,True
Small CNN,patches,True,0.398425,0.55395347,True
Small CNN,patches,True,0.65975,0.7382533,True
Small CNN,patches,True,0.5902,0.71822184,True
Small CNN,patches,True,0.7652,0.8431302,True
Small CNN,patches,True,0.415625,0.6015551,True
Small CNN,patches,True,0.250725,0.5342113,True
Small CNN,patches,True,0.4805,0.6978532,True
Small CNN,patches,True,0.5341,0.75918704,True
Small CNN,patches,True,0.575125,0.7666932,True
Small CNN,patches,True,0.3431,0.57950586,True
Small CNN,patches,True,0.4614,0.7107744,True
Small CNN,patches,True,0.374275,0.6091547,True
Small CNN,patches,True,0.460425,0.64973027,True
Small CNN,patches,True,0.504725,0.7654961,True
Small CNN,patches,True,0.50825,0.67327803,True
Small CNN,patches,True,0.19195,0.5509985,True
Small CNN,patches,True,0.320175,0.5899332,True
Small CNN,patches,True,0.372375,0.70342296,True
Small CNN,patches,True,0.1968,0.49141628,True
Small CNN,patches,True,0.203275,0.5145667,True
Small CNN,patches,True,0.4296,0.6462391,True
Small CNN,patches,True,0.3524,0.5847995,True
Small CNN,patches,True,0.39035,0.6243604,True
Small CNN,patches,True,0.578125,0.6700411,True
Small CNN,patches,True,0.29695,0.6862889,True
Small CNN,patches,True,0.631625,0.7626379,True
Small CNN,patches,True,0.2725,0.5961931,True
Small CNN,patches,True,0.2076,0.5176144,True
Small CNN,patches,True,0.2271,0.32370123,True
Small CNN,patches,True,0.235875,0.5484605,True
Small CNN,patches,True,0.051,0.21737207,True
Small CNN,patches,True,0.448425,0.6923624,True
Small CNN,patches,True,0.160075,0.41326767,True
Small CNN,patches,True,0.12965,0.2894915,True
Small CNN,patches,True,0.391225,0.69152045,True
Small CNN,patches,True,0.13015,0.4117119,True
Small CNN,patches,True,0.224425,0.5227324,True
Small CNN,patches,True,0.195975,0.5787101,True
Small CNN,patches,True,0.18315,0.52722853,True
Small CNN,patches,True,0.438275,0.6594047,True
Small CNN,patches,False,0.466525,0.6782052,True
Small CNN,patches,True,0.4964,0.69587356,True
Small CNN,patches,True,0.324,0.7321699,True
Small CNN,pitted_surface,True,0.8142,0.8280919,False
Small CNN,pitted_surface,True,0.505425,0.70899034,True
Small CNN,pitted_surface,True,0.804675,0.86551124,True
Small CNN,pitted_surface,True,0.674175,0.8426056,True
Small CNN,pitted_surface,True,0.80685,0.8484746,True
Small CNN,pitted_surface,True,0.712425,0.8964576,True
Small CNN,pitted_surface,True,0.9539,0.9815632,True
Small CNN,pitted_surface,True,0.773075,0.8431939,True
Small CNN,pitted_surface,True,0.8983,0.9568783,True
Small CNN,pitted_surface,True,0.63335,0.86293215,True
Small CNN,pitted_surface,True,0.5605,0.8409203,True
Small CNN,pitted_surface,True,0.4897,0.6472672,True
Small CNN,pitted_surface,True,0.81035,0.86475104,True
Small CNN,pitted_surface,True,0.685275,0.8127058,True
Small CNN,pitted_surface,True,0.858325,0.9418672,True
Small CNN,pitted_surface,True,0.9021,0.9689778,True
Small CNN,pitted_surface,True,0.951575,0.97059387,True
Small CNN,pitted_surface,True,0.79715,0.84920007,True
Small CNN,pitted_surface,True,0.829675,0.84921104,True
Small CNN,pitted_surface,True,0.681575,0.77756757,True
Small CNN,pitted_surface,True,0.67925,0.8346664,True
Small CNN,pitted_surface,True,0.9555,0.99080884,True
Small CNN,pitted_surface,True,0.87295,0.89913327,True
Small CNN,pitted_surface,True,0.82965,0.89517254,True
Small CNN,pitted_surface,True,0.888325,0.8987198,True
Small CNN,pitted_surface,True,0.936,0.9843538,True
Small CNN,pitted_surface,True,0.950525,0.99120057,True
Small CNN,pitted_surface,True,0.93575,0.9712367,True
Small CNN,pitted_surface,True,0.70455,0.8286578,True
Small CNN,pitted_surface,True,0.816525,0.86231357,True
Small CNN,pitted_surface,True,0.8274,0.93624824,True
Small CNN,pitted_surface,True,0.8553,0.90068835,True
Small CNN,pitted_surface,True,0.871725,0.96187615,True
Small CNN,pitted_surface,True,0.816125,0.9063636,True
Small CNN,pitted_surface,False,0.4029,0.30982795,False
Small CNN,pitted_surface,False,0.26625,0.17655702,False
Small CNN,pitted_surface,True,0.541275,0.6233964,False
Small CNN,pitted_surface,True,0.931,0.9778479,True
Small CNN,pitted_surface,True,0.98505,0.99566615,True
Small CNN,pitted_surface,True,0.98505,0.99623054,True
Small CNN,pitted_surface,True,0.9259,0.961294,True
Small CNN,pitted_surface,True,0.9555,0.98299086,True
Small CNN,pitted_surface,True,0.6624,0.6590577,True
Small CNN,pitted_surface,True,0.769,0.87277865,True
Small CNN,pitted_surface,True,0.831175,0.88845485,True
Small CNN,pitted_surface,True,0.97515,0.99363565,True
Small CNN,pitted_surface,True,0.677625,0.8631263,True
Small CNN,pitted_surface,True,0.959975,0.9765598,True
Small CNN,pitted_surface,True,0.97495,0.9881473,True
Small CNN,pitted_surface,True,0.93575,0.95545596,True
Small CNN,pitted_surface,True,0.82585,0.93902534,True
Small CNN,pitted_surface,True,0.92535,0.9618563,True
Small CNN,pitted_surface,True,0.980075,0.99516416,True
Small CNN,pitted_surface,True,0.990025,0.994896,True
Small CNN,pitted_surface,True,0.84905,0.9382173,True
Small CNN,pitted_surface,True,0.990025,0.9951406,True
Small CNN,pitted_surface,True,0.75175,0.927019,True
Small CNN,pitted_surface,True,0.692375,0.9131656,True
Small CNN,pitted_surface,True,0.970125,0.9917932,True
Small CNN,pitted_surface,True,0.990025,0.99622834,True
Small CNN,rolled-in_scale,False,0.182475,0.20865925,True
Small CNN,rolled-in_scale,True,0.32435,0.40604517,True
Small CNN,rolled-in_scale,True,0.328475,0.37093434,True
Small CNN,rolled-in_scale,False,0.32355,0.36812028,True
Small CNN,rolled-in_scale,False,0.11025,0.12405558,True
Small CNN,rolled-in_scale,True,0.2628,0.27431482,True
Small CNN,rolled-in_scale,True,0.23325,0.2464434,True
Small CNN,rolled-in_scale,False,0.298675,0.32225066,True
Small CNN,rolled-in_scale,True,0.161,0.17868151,True
Small CNN,rolled-in_scale,False,0.201975,0.21842629,True
Small CNN,rolled-in_scale,True,0.1557,0.19597447,True
Small CNN,rolled-in_scale,False,0.3273,0.3285221,True
Small CNN,rolled-in_scale,False,0.1133,0.110138215,True
Small CNN,rolled-in_scale,False,0.3341,0.33668697,True
Small CNN,rolled-in_scale,False,0.4924,0.5422194,True
Small CNN,rolled-in_scale,True,0.356725,0.36203817,True
Small CNN,rolled-in_scale,False,0.3542,0.3433603,True
Small CNN,rolled-in_scale,False,0.1804,0.18953493,True
Small CNN,rolled-in_scale,False,0.490775,0.47284138,True
Small CNN,rolled-in_scale,True,0.424125,0.37665904,True
Small CNN,rolled-in_scale,False,0.19095,0.2070239,True
Small CNN,rolled-in_scale,True,0.6462,0.67046946,True
Small CNN,rolled-in_scale,False,0.57675,0.6264452,True
Small CNN,rolled-in_scale,True,0.3252,0.3074028,True
Small CNN,rolled-in_scale,False,0.291575,0.24723467,True
Small CNN,rolled-in_scale,True,0.12625,0.13014852,True
Small CNN,rolled-in_scale,False,0.3907,0.3702943,True
Small CNN,rolled-in_scale,False,0.2449,0.22201091,True
Small CNN,rolled-in_scale,False,0.357975,0.3481375,True
Small CNN,rolled-in_scale,True,0.53365,0.55423045,True
Small CNN,rolled-in_scale,False,0.2562,0.27526733,True
Small CNN,rolled-in_scale,False,0.28495,0.29167783,True
Small CNN,rolled-in_scale,False,0.3006,0.3353224,True
Small CNN,rolled-in_scale,True,0.540125,0.60934985,True
Small CNN,rolled-in_scale,False,0.25395,0.2579429,True
Small CNN,rolled-in_scale,True,0.366,0.40240577,True
Small CNN,rolled-in_scale,True,0.727125,0.7622863,True
Small CNN,rolled-in_scale,True,0.374,0.43351677,True
Small CNN,rolled-in_scale,True,0.66465,0.76041746,True
Small CNN,rolled-in_scale,True,0.525275,0.5386917,True
Small CNN,rolled-in_scale,False,0.120925,0.12603623,True
Small CNN,rolled-in_scale,True,0.3243,0.35561192,True
Small CNN,rolled-in_scale,False,0.506925,0.491089,True
Small CNN,rolled-in_scale,False,0.387875,0.36550584,True
Small CNN,rolled-in_scale,False,0.184425,0.21310376,True
Small CNN,rolled-in_scale,False,0.1136,0.15465392,True
Small CNN,rolled-in_scale,True,0.064925,0.07339308,True
Small CNN,rolled-in_scale,False,0.266925,0.31088793,True
Small CNN,rolled-in_scale,False,0.275,0.32834473,True
Small CNN,rolled-in_scale,True,0.3431,0.39023742,True
Small CNN,rolled-in_scale,False,0.30335,0.30674082,True
Small CNN,rolled-in_scale,False,0.413175,0.40997347,True
Small CNN,rolled-in_scale,False,0.39575,0.42929053,True
Small CNN,rolled-in_scale,False,0.27025,0.35509077,True
Small CNN,rolled-in_scale,True,0.1568,0.18829884,True
Small CNN,rolled-in_scale,False,0.2575,0.27153662,True
Small CNN,rolled-in_scale,True,0.321275,0.3672541,True
Small CNN,rolled-in_scale,False,0.27235,0.27031246,True
Small CNN,rolled-in_scale,False,0.387475,0.35702533,True
Small CNN,rolled-in_scale,True,0.401,0.46580422,True
Small CNN,scratches,True,0.144275,0.71899325,True
Small CNN,scratches,True,0.144275,0.62740654,True
Small CNN,scratches,True,0.13365,0.7785796,True
Small CNN,scratches,True,0.199,0.5679938,True
Small CNN,scratches,True,0.21765,0.69457424,True
Small CNN,scratches,True,0.31735,0.688559,True
Small CNN,scratches,True,0.05385,0.40418956,True
Small CNN,scratches,True,0.35825,0.6749535,True
Small CNN,scratches,True,0.685975,0.7687179,True
Small CNN,scratches,True,0.2178,0.6563116,True
Small CNN,scratches,True,0.3007,0.6464382,True
Small CNN,scratches,True,0.213425,0.6955982,True
Small CNN,scratches,True,0.1393,0.44665268,True
Small CNN,scratches,True,0.06475,0.3486254,True
Small CNN,scratches,True,0.199825,0.6809634,True
Small CNN,scratches,True,0.04255,0.40932494,True
Small CNN,scratches,True,0.36065,0.6459842,True
Small CNN,scratches,True,0.0758,0.35671124,True
Small CNN,scratches,True,0.164175,0.70235795,True
Small CNN,scratches,True,0.034775,0.38777825,True
Small CNN,scratches,True,0.184075,0.68362564,True
Small CNN,scratches,True,0.1943,0.67930216,True
Small CNN,scratches,True,0.06365,0.47243154,True
Small CNN,scratches,True,0.04655,0.34450623,True
Small CNN,scratches,True,0.09215,0.4952464,True
Small CNN,scratches,True,0.13105,0.5736402,True
Small CNN,scratches,True,0.236025,0.6230215,True
Small CNN,scratches,True,0.13565,0.54989403,True
Small CNN,scratches,True,0.2211,0.6046494,True
Small CNN,scratches,True,0.27905,0.5515953,True
Small CNN,scratches,True,0.082125,0.37471038,True
Small CNN,scratches,True,0.49215,0.80323434,True
Small CNN,scratches,True,0.11065,0.46444818,True
Small CNN,scratches,True,0.2334,0.7247376,True
Small CNN,scratches,True,0.164175,0.671746,True
Small CNN,scratches,True,0.16915,0.76097316,True
Small CNN,scratches,True,0.184075,0.7935159,True
Small CNN,scratches,True,0.367375,0.66144556,True
Small CNN,scratches,True,0.179525,0.5424776,True
Small CNN,scratches,True,0.189875,0.58652943,True
Small CNN,scratches,True,0.222075,0.61469305,True
Small CNN,scratches,True,0.33145,0.7739436,True
Small CNN,scratches,True,0.10965,0.4714018,True
Small CNN,scratches,True,0.405175,0.79804814,True
Small CNN,scratches,True,0.061875,0.3942762,True
Small CNN,scratches,True,0.1269,0.41683042,True
Small CNN,scratches,True,0.114425,0.5365886,True
Small CNN,scratches,True,0.0975,0.45048338,True
Small CNN,scratches,True,0.236,0.74754095,True
Small CNN,scratches,True,0.223875,0.7506852,True
Small CNN,scratches,True,0.1881,0.6979382,True
Small CNN,scratches,True,0.15675,0.55361265,True
Small CNN,scratches,True,0.15045,0.59202456,True
Small CNN,scratches,True,0.16745,0.6010305,True
Small CNN,scratches,True,0.2511,0.7091817,True
Small CNN,scratches,True,0.1298,0.094869904,False
Small CNN,scratches,True,0.155575,0.48018974,True
Small CNN,scratches,True,0.072375,0.4030718,True
Small CNN,scratches,True,0.061125,0.4791007,True
Small CNN,scratches,True,0.157575,0.53833306,True
ResNet-18 fine-tuned,crazing,True,0.712125,0.75691974,True
ResNet-18 fine-tuned,crazing,True,0.5217,0.6687247,True
ResNet-18 fine-tuned,crazing,False,0.27145,0.30086648,True
ResNet-18 fine-tuned,crazing,False,0.400975,0.47004768,True
ResNet-18 fine-tuned,crazing,True,0.498575,0.6620719,True
ResNet-18 fine-tuned,crazing,True,0.480875,0.6024475,True
ResNet-18 fine-tuned,crazing,True,0.386275,0.49683204,True
ResNet-18 fine-tuned,crazing,True,0.298,0.470483,True
ResNet-18 fine-tuned,crazing,True,0.268025,0.3139776,True
ResNet-18 fine-tuned,crazing,False,0.290075,0.341054,True
ResNet-18 fine-tuned,crazing,True,0.40005,0.53546244,True
ResNet-18 fine-tuned,crazing,True,0.30825,0.41314414,True
ResNet-18 fine-tuned,crazing,False,0.112625,0.17670396,True
ResNet-18 fine-tuned,crazing,False,0.171625,0.2252139,True
ResNet-18 fine-tuned,crazing,True,0.12095,0.1649113,True
ResNet-18 fine-tuned,crazing,False,0.0946,0.13568455,True
ResNet-18 fine-tuned,crazing,True,0.5191,0.5173057,True
ResNet-18 fine-tuned,crazing,False,0.196425,0.23656794,True
ResNet-18 fine-tuned,crazing,True,0.399025,0.5063981,True
ResNet-18 fine-tuned,crazing,False,0.34475,0.40974686,True
ResNet-18 fine-tuned,crazing,False,0.2958,0.32276633,True
ResNet-18 fine-tuned,crazing,True,0.37335,0.46749794,True
ResNet-18 fine-tuned,crazing,True,0.4597,0.61248523,True
ResNet-18 fine-tuned,crazing,True,0.53585,0.6523287,True
ResNet-18 fine-tuned,crazing,True,0.4186,0.5900491,True
ResNet-18 fine-tuned,crazing,True,0.6621,0.7514659,True
ResNet-18 fine-tuned,crazing,True,0.85135,0.93016577,True
ResNet-18 fine-tuned,crazing,True,0.416025,0.579428,True
ResNet-18 fine-tuned,crazing,True,0.808425,0.8667478,True
ResNet-18 fine-tuned,crazing,True,0.699075,0.76085013,True
ResNet-18 fine-tuned,crazing,True,0.664125,0.7139472,True
ResNet-18 fine-tuned,crazing,True,0.662,0.73137033,True
ResNet-18 fine-tuned,crazing,True,0.838425,0.886243,True
ResNet-18 fine-tuned,crazing,True,0.65335,0.69665515,True
ResNet-18 fine-tuned,crazing,True,0.64145,0.6647381,True
ResNet-18 fine-tuned,crazing,True,0.660375,0.78268594,True
ResNet-18 fine-tuned,crazing,True,0.727375,0.85589314,True
ResNet-18 fine-tuned,crazing,True,0.5333,0.65491945,True
ResNet-18 fine-tuned,crazing,False,0.49655,0.53227806,True
ResNet-18 fine-tuned,crazing,True,0.72155,0.8328863,True
ResNet-18 fine-tuned,crazing,True,0.7098,0.8130256,True
ResNet-18 fine-tuned,crazing,True,0.20085,0.25605613,True
ResNet-18 fine-tuned,crazing,True,0.455175,0.5933242,True
ResNet-18 fine-tuned,crazing,True,0.600525,0.6425194,True
ResNet-18 fine-tuned,crazing,True,0.6084,0.76832885,True
ResNet-18 fine-tuned,crazing,True,0.7105,0.78324765,True
ResNet-18 fine-tuned,crazing,True,0.20825,0.28106987,True
ResNet-18 fine-tuned,crazing,True,0.424525,0.37198985,True
ResNet-18 fine-tuned,crazing,False,0.15975,0.15953852,True
ResNet-18 fine-tuned,crazing,True,0.838325,0.9173843,True
ResNet-18 fine-tuned,crazing,True,0.52345,0.54871875,True
ResNet-18 fine-tuned,crazing,True,0.485225,0.5109531,True
ResNet-18 fine-tuned,crazing,True,0.52675,0.6147739,True
ResNet-18 fine-tuned,crazing,True,0.40015,0.5075783,True
ResNet-18 fine-tuned,crazing,True,0.51255,0.64507395,True
ResNet-18 fine-tuned,crazing,True,0.58265,0.6875357,True
ResNet-18 fine-tuned,crazing,True,0.518775,0.58850574,True
ResNet-18 fine-tuned,crazing,True,0.7341,0.8585826,True
ResNet-18 fine-tuned,crazing,True,0.24745,0.32429236,True
ResNet-18 fine-tuned,crazing,True,0.59545,0.6989173,True
ResNet-18 fine-tuned,inclusion,False,0.2772,0.42628208,True
ResNet-18 fine-tuned,inclusion,True,0.2574,0.42105106,True
ResNet-18 fine-tuned,inclusion,True,0.2156,0.42623705,True
ResNet-18 fine-tuned,inclusion,False,0.392625,0.4022678,True
ResNet-18 fine-tuned,inclusion,False,0.3128,0.391649,True
ResNet-18 fine-tuned,inclusion,True,0.331425,0.44032475,True
ResNet-18 fine-tuned,inclusion,True,0.35055,0.5400724,True
ResNet-18 fine-tuned,inclusion,False,0.426375,0.4592125,True
ResNet-18 fine-tuned,inclusion,False,0.49155,0.59494346,True
ResNet-18 fine-tuned,inclusion,True,0.2527,0.2832086,True
ResNet-18 fine-tuned,inclusion,True,0.26595,0.47680727,True
ResNet-18 fine-tuned,inclusion,True,0.3582,0.55029804,True
ResNet-18 fine-tuned,inclusion,False,0.212625,0.351296,True
ResNet-18 fine-tuned,inclusion,True,0.027075,0.057608124,True
ResNet-18 fine-tuned,inclusion,True,0.0607,0.13202535,True
ResNet-18 fine-tuned,inclusion,True,0.256275,0.36838678,True
ResNet-18 fine-tuned,inclusion,True,0.343875,0.4429326,True
ResNet-18 fine-tuned,inclusion,True,0.1771,0.33022788,True
ResNet-18 fine-tuned,inclusion,True,0.4109,0.5966338,True
ResNet-18 fine-tuned,inclusion,False,0.273875,0.26824173,True
ResNet-18 fine-tuned,inclusion,True,0.26595,0.46063983,True
ResNet-18 fine-tuned,inclusion,True,0.1206,0.21609013,True
ResNet-18 fine-tuned,inclusion,True,0.14,0.29301974,True
ResNet-18 fine-tuned,inclusion,True,0.173875,0.35302287,True
ResNet-18 fine-tuned,inclusion,False,0.23265,0.35701138,True
ResNet-18 fine-tuned,inclusion,True,0.2786,0.5014767,True
ResNet-18 fine-tuned,inclusion,True,0.1341,0.22069047,True
ResNet-18 fine-tuned,inclusion,True,0.148525,0.22408967,True
ResNet-18 fine-tuned,inclusion,True,0.50875,0.59633994,True
ResNet-18 fine-tuned,inclusion,True,0.16105,0.28239816,True
ResNet-18 fine-tuned,inclusion,True,0.1471,0.241715,True
ResNet-18 fine-tuned,inclusion,True,0.1161,0.22670512,True
ResNet-18 fine-tuned,inclusion,True,0.119475,0.29788184,True
ResNet-18 fine-tuned,inclusion,True,0.07375,0.16096985,True
ResNet-18 fine-tuned,inclusion,True,0.141,0.21617828,True
ResNet-18 fine-tuned,inclusion,False,0.11475,0.18775411,True
ResNet-18 fine-tuned,inclusion,False,0.0304,0.04895498,True
ResNet-18 fine-tuned,inclusion,False,0.0713,0.13897459,True
ResNet-18 fine-tuned,inclusion,True,0.1431,0.25060692,True
ResNet-18 fine-tuned,inclusion,True,0.160875,0.28463516,True
ResNet-18 fine-tuned,inclusion,True,0.12515,0.22417872,True
ResNet-18 fine-tuned,inclusion,True,0.191125,0.26312217,True
ResNet-18 fine-tuned,inclusion,True,0.194025,0.35792235,True
ResNet-18 fine-tuned,inclusion,True,0.194025,0.37843618,True
ResNet-18 fine-tuned,inclusion,True,0.2769,0.4014648,True
ResNet-18 fine-tuned,inclusion,True,0.183,0.36135754,True
ResNet-18 fine-tuned,inclusion,False,0.099525,0.19515231,True
ResNet-18 fine-tuned,inclusion,True,0.09685,0.21037117,True
ResNet-18 fine-tuned,inclusion,False,0.371025,0.41063604,True
ResNet-18 fine-tuned,inclusion,True,0.48135,0.50669503,True
ResNet-18 fine-tuned,inclusion,True,0.10445,0.1904805,True
ResNet-18 fine-tuned,inclusion,True,0.2058,0.36032832,True
ResNet-18 fine-tuned,inclusion,True,0.33255,0.5769941,True
ResNet-18 fine-tuned,inclusion,False,0.21735,0.31011742,True
ResNet-18 fine-tuned,inclusion,True,0.15165,0.20467845,True
ResNet-18 fine-tuned,inclusion,True,0.1376,0.2513042,True
ResNet-18 fine-tuned,inclusion,True,0.168875,0.24780773,True
ResNet-18 fine-tuned,inclusion,False,0.197075,0.28475225,True
ResNet-18 fine-tuned,inclusion,False,0.244675,0.32759425,True
ResNet-18 fine-tuned,inclusion,True,0.1732,0.25038785,True
ResNet-18 fine-tuned,patches,True,0.249475,0.45884013,True
ResNet-18 fine-tuned,patches,True,0.2528,0.34690773,True
ResNet-18 fine-tuned,patches,True,0.216,0.36053365,True
ResNet-18 fine-tuned,patches,True,0.35105,0.39368665,True
ResNet-18 fine-tuned,patches,False,0.226525,0.34585756,True
ResNet-18 fine-tuned,patches,True,0.63295,0.6425319,True
ResNet-18 fine-tuned,patches,True,0.2157,0.4428501,True
ResNet-18 fine-tuned,patches,True,0.336825,0.49481156,True
ResNet-18 fine-tuned,patches,True,0.28445,0.41597846,True
ResNet-18 fine-tuned,patches,False,0.258925,0.30496374,True
ResNet-18 fine-tuned,patches,True,0.4998,0.68724173,True
ResNet-18 fine-tuned,patches,True,0.6928,0.70883524,True
ResNet-18 fine-tuned,patches,True,0.176,0.47002646,True
ResNet-18 fine-tuned,patches,True,0.421,0.5471336,True
ResNet-18 fine-tuned,patches,True,0.48735,0.58683085,True
ResNet-18 fine-tuned,patches,True,0.424,0.5272105,True
ResNet-18 fine-tuned,patches,True,0.691125,0.7155766,True
ResNet-18 fine-tuned,patches,True,0.398425,0.51058257,True
ResNet-18 fine-tuned,patches,True,0.65975,0.71951634,True
ResNet-18 fine-tuned,patches,True,0.5902,0.6615992,True
ResNet-18 fine-tuned,patches,True,0.7652,0.79874504,True
ResNet-18 fine-tuned,patches,True,0.415625,0.5231611,True
ResNet-18 fine-tuned,patches,True,0.250725,0.42617488,True
ResNet-18 fine-tuned,patches,True,0.4805,0.5844511,True
ResNet-18 fine-tuned,patches,True,0.5341,0.6845636,True
ResNet-18 fine-tuned,patches,True,0.575125,0.7199619,True
ResNet-18 fine-tuned,patches,True,0.3431,0.45152467,True
ResNet-18 fine-tuned,patches,True,0.4614,0.7015607,True
ResNet-18 fine-tuned,patches,True,0.374275,0.5019133,True
ResNet-18 fine-tuned,patches,True,0.460425,0.56629556,True
ResNet-18 fine-tuned,patches,True,0.504725,0.5787333,True
ResNet-18 fine-tuned,patches,False,0.50825,0.55406404,True
ResNet-18 fine-tuned,patches,True,0.19195,0.34502247,True
ResNet-18 fine-tuned,patches,True,0.320175,0.5544762,True
ResNet-18 fine-tuned,patches,True,0.372375,0.679654,True
ResNet-18 fine-tuned,patches,False,0.1968,0.33864352,True
ResNet-18 fine-tuned,patches,True,0.203275,0.37968728,True
ResNet-18 fine-tuned,patches,True,0.4296,0.5641287,True
ResNet-18 fine-tuned,patches,True,0.3524,0.41964313,True
ResNet-18 fine-tuned,patches,True,0.39035,0.47999525,True
ResNet-18 fine-tuned,patches,True,0.578125,0.573345,True
ResNet-18 fine-tuned,patches,True,0.29695,0.50522524,True
ResNet-18 fine-tuned,patches,True,0.631625,0.67530006,True
ResNet-18 fine-tuned,patches,True,0.2725,0.44627905,True
ResNet-18 fine-tuned,patches,True,0.2076,0.43868044,True
ResNet-18 fine-tuned,patches,False,0.2271,0.3280377,True
ResNet-18 fine-tuned,patches,True,0.235875,0.31398606,True
ResNet-18 fine-tuned,patches,True,0.051,0.15594815,True
ResNet-18 fine-tuned,patches,True,0.448425,0.58924866,True
ResNet-18 fine-tuned,patches,False,0.160075,0.2842939,True
ResNet-18 fine-tuned,patches,True,0.12965,0.24995252,True
ResNet-18 fine-tuned,patches,True,0.391225,0.5500022,True
ResNet-18 fine-tuned,patches,False,0.13015,0.19734655,True
ResNet-18 fine-tuned,patches,True,0.224425,0.28319094,True
ResNet-18 fine-tuned,patches,True,0.195975,0.3565797,True
ResNet-18 fine-tuned,patches,True,0.18315,0.42238927,True
ResNet-18 fine-tuned,patches,True,0.438275,0.55293417,True
ResNet-18 fine-tuned,patches,True,0.466525,0.5743604,True
ResNet-18 fine-tuned,patches,True,0.4964,0.56041664,True
ResNet-18 fine-tuned,patches,True,0.324,0.5931818,True
ResNet-18 fine-tuned,pitted_surface,True,0.8142,0.86905205,True
ResNet-18 fine-tuned,pitted_surface,True,0.505425,0.5893853,True
ResNet-18 fine-tuned,pitted_surface,True,0.804675,0.81937563,True
ResNet-18 fine-tuned,pitted_surface,True,0.674175,0.7796192,True
ResNet-18 fine-tuned,pitted_surface,True,0.80685,0.8345543,True
ResNet-18 fine-tuned,pitted_surface,True,0.712425,0.8636067,True
ResNet-18 fine-tuned,pitted_surface,True,0.9539,0.9727513,True
ResNet-18 fine-tuned,pitted_surface,True,0.773075,0.79865915,True
ResNet-18 fine-tuned,pitted_surface,True,0.8983,0.95573545,True
ResNet-18 fine-tuned,pitted_surface,True,0.63335,0.7625105,True
ResNet-18 fine-tuned,pitted_surface,True,0.5605,0.7357541,True
ResNet-18 fine-tuned,pitted_surface,True,0.4897,0.6666583,True
ResNet-18 fine-tuned,pitted_surface,True,0.81035,0.8228236,True
ResNet-18 fine-tuned,pitted_surface,True,0.685275,0.77139693,True
ResNet-18 fine-tuned,pitted_surface,True,0.858325,0.9022349,True
ResNet-18 fine-tuned,pitted_surface,True,0.9021,0.9410697,True
ResNet-18 fine-tuned,pitted_surface,True,0.951575,0.96206224,True
ResNet-18 fine-tuned,pitted_surface,True,0.79715,0.8735068,True
ResNet-18 fine-tuned,pitted_surface,True,0.829675,0.90780807,True
ResNet-18 fine-tuned,pitted_surface,True,0.681575,0.8161856,True
ResNet-18 fine-tuned,pitted_surface,True,0.67925,0.86449957,True
ResNet-18 fine-tuned,pitted_surface,True,0.9555,0.9794144,True
ResNet-18 fine-tuned,pitted_surface,True,0.87295,0.89908797,True
ResNet-18 fine-tuned,pitted_surface,True,0.82965,0.8858225,True
ResNet-18 fine-tuned,pitted_surface,True,0.888325,0.8948588,True
ResNet-18 fine-tuned,pitted_surface,True,0.936,0.9715904,True
ResNet-18 fine-tuned,pitted_surface,True,0.950525,0.9826304,True
ResNet-18 fine-tuned,pitted_surface,True,0.93575,0.9821457,True
ResNet-18 fine-tuned,pitted_surface,True,0.70455,0.90850544,True
ResNet-18 fine-tuned,pitted_surface,True,0.816525,0.8513415,True
ResNet-18 fine-tuned,pitted_surface,True,0.8274,0.9060128,True
ResNet-18 fine-tuned,pitted_surface,True,0.8553,0.89703006,True
ResNet-18 fine-tuned,pitted_surface,True,0.871725,0.94192284,True
ResNet-18 fine-tuned,pitted_surface,True,0.816125,0.85078716,True
ResNet-18 fine-tuned,pitted_surface,True,0.4029,0.4843394,True
ResNet-18 fine-tuned,pitted_surface,True,0.26625,0.447902,True
ResNet-18 fine-tuned,pitted_surface,True,0.541275,0.76801306,True
ResNet-18 fine-tuned,pitted_surface,True,0.931,0.95370144,True
ResNet-18 fine-tuned,pitted_surface,True,0.98505,0.9911748,True
ResNet-18 fine-tuned,pitted_surface,True,0.98505,0.991457,True
ResNet-18 fine-tuned,pitted_surface,True,0.9259,0.93154573,True
ResNet-18 fine-tuned,pitted_surface,True,0.9555,0.9594015,True
ResNet-18 fine-tuned,pitted_surface,False,0.6624,0.6524869,True
ResNet-18 fine-tuned,pitted_surface,True,0.769,0.83852434,True
ResNet-18 fine-tuned,pitted_surface,True,0.831175,0.88692254,True
ResNet-18 fine-tuned,pitted_surface,True,0.97515,0.9824559,True
ResNet-18 fine-tuned,pitted_surface,True,0.677625,0.9014406,True
ResNet-18 fine-tuned,pitted_surface,True,0.959975,0.9771289,True
ResNet-18 fine-tuned,pitted_surface,True,0.97495,0.98781705,True
ResNet-18 fine-tuned,pitted_surface,True,0.93575,0.93678313,True
ResNet-18 fine-tuned,pitted_surface,True,0.82585,0.8297783,True
ResNet-18 fine-tuned,pitted_surface,True,0.92535,0.94622403,True
ResNet-18 fine-tuned,pitted_surface,True,0.980075,0.99046355,True
ResNet-18 fine-tuned,pitted_surface,True,0.990025,0.9927522,True
ResNet-18 fine-tuned,pitted_surface,True,0.84905,0.86615545,True
ResNet-18 fine-tuned,pitted_surface,True,0.990025,0.9921346,True
ResNet-18 fine-tuned,pitted_surface,True,0.75175,0.88898766,True
ResNet-18 fine-tuned,pitted_surface,True,0.692375,0.8525594,True
ResNet-18 fine-tuned,pitted_surface,True,0.970125,0.9832335,True
ResNet-18 fine-tuned,pitted_surface,True,0.990025,0.9899864,True
ResNet-18 fine-tuned,rolled-in_scale,False,0.182475,0.22111048,True
ResNet-18 fine-tuned,rolled-in_scale,False,0.32435,0.4386506,True
ResNet-18 fine-tuned,rolled-in_scale,True,0.328475,0.4246243,True
ResNet-18 fine-tuned,rolled-in_scale,False,0.32355,0.40911376,True
ResNet-18 fine-tuned,rolled-in_scale,False,0.11025,0.14932182,True
ResNet-18 fine-tuned,rolled-in_scale,False,0.2628,0.24440287,True
ResNet-18 fine-tuned,rolled-in_scale,False,0.23325,0.20575926,True
ResNet-18 fine-tuned,rolled-in_scale,True,0.298675,0.32217005,True
ResNet-18 fine-tuned,rolled-in_scale,False,0.161,0.14936009,True
ResNet-18 fine-tuned,rolled-in_scale,False,0.201975,0.2748179,True
ResNet-18 fine-tuned,rolled-in_scale,False,0.1557,0.20724493,True
ResNet-18 fine-tuned,rolled-in_scale,False,0.3273,0.370272,True
ResNet-18 fine-tuned,rolled-in_scale,False,0.1133,0.14428547,True
ResNet-18 fine-tuned,rolled-in_scale,True,0.3341,0.43105316,True
ResNet-18 fine-tuned,rolled-in_scale,True,0.4924,0.54512537,True
ResNet-18 fine-tuned,rolled-in_scale,False,0.356725,0.4405228,True
ResNet-18 fine-tuned,rolled-in_scale,False,0.3542,0.29175344,True
ResNet-18 fine-tuned,rolled-in_scale,False,0.1804,0.23335843,True
ResNet-18 fine-tuned,rolled-in_scale,True,0.490775,0.6123472,True
ResNet-18 fine-tuned,rolled-in_scale,True,0.424125,0.5286968,True
ResNet-18 fine-tuned,rolled-in_scale,False,0.19095,0.1944944,True
ResNet-18 fine-tuned,rolled-in_scale,True,0.6462,0.70406014,True
ResNet-18 fine-tuned,rolled-in_scale,False,0.57675,0.5646037,True
ResNet-18 fine-tuned,rolled-in_scale,False,0.3252,0.39146572,True
ResNet-18 fine-tuned,rolled-in_scale,True,0.291575,0.39497173,True
ResNet-18 fine-tuned,rolled-in_scale,False,0.12625,0.09960729,True
ResNet-18 fine-tuned,rolled-in_scale,False,0.3907,0.38603902,True
ResNet-18 fine-tuned,rolled-in_scale,False,0.2449,0.23243096,True
ResNet-18 fine-tuned,rolled-in_scale,False,0.357975,0.32361737,True
ResNet-18 fine-tuned,rolled-in_scale,True,0.53365,0.6316653,True
ResNet-18 fine-tuned,rolled-in_scale,True,0.2562,0.2725299,True
ResNet-18 fine-tuned,rolled-in_scale,False,0.28495,0.35467067,True
ResNet-18 fine-tuned,rolled-in_scale,True,0.3006,0.34450424,True
ResNet-18 fine-tuned,rolled-in_scale,True,0.540125,0.6779083,True
ResNet-18 fine-tuned,rolled-in_scale,True,0.25395,0.30797926,True
ResNet-18 fine-tuned,rolled-in_scale,True,0.366,0.5309936,True
ResNet-18 fine-tuned,rolled-in_scale,False,0.727125,0.6746511,True
ResNet-18 fine-tuned,rolled-in_scale,False,0.374,0.37027857,True
ResNet-18 fine-tuned,rolled-in_scale,True,0.66465,0.70895076,True
ResNet-18 fine-tuned,rolled-in_scale,True,0.525275,0.60642666,True
ResNet-18 fine-tuned,rolled-in_scale,False,0.120925,0.21212427,True
ResNet-18 fine-tuned,rolled-in_scale,True,0.3243,0.31662095,True
ResNet-18 fine-tuned,rolled-in_scale,False,0.506925,0.5498885,True
ResNet-18 fine-tuned,rolled-in_scale,False,0.387875,0.37268734,True
ResNet-18 fine-tuned,rolled-in_scale,False,0.184425,0.24219398,True
ResNet-18 fine-tuned,rolled-in_scale,False,0.1136,0.115180135,True
ResNet-18 fine-tuned,rolled-in_scale,True,0.064925,0.13563184,True
ResNet-18 fine-tuned,rolled-in_scale,True,0.266925,0.2716669,True
ResNet-18 fine-tuned,rolled-in_scale,False,0.275,0.28639397,True
ResNet-18 fine-tuned,rolled-in_scale,True,0.3431,0.43859625,True
ResNet-18 fine-tuned,rolled-in_scale,False,0.30335,0.26559705,True
ResNet-18 fine-tuned,rolled-in_scale,True,0.413175,0.5522481,True
ResNet-18 fine-tuned,rolled-in_scale,False,0.39575,0.34831405,True
ResNet-18 fine-tuned,rolled-in_scale,False,0.27025,0.31100148,True
ResNet-18 fine-tuned,rolled-in_scale,False,0.1568,0.13857493,True
ResNet-18 fine-tuned,rolled-in_scale,False,0.2575,0.27123085,True
ResNet-18 fine-tuned,rolled-in_scale,True,0.321275,0.4967416,True
ResNet-18 fine-tuned,rolled-in_scale,True,0.27235,0.41207176,True
ResNet-18 fine-tuned,rolled-in_scale,True,0.387475,0.38412303,True
ResNet-18 fine-tuned,rolled-in_scale,True,0.401,0.51964074,True
ResNet-18 fine-tuned,scratches,True,0.144275,0.30421463,True
ResNet-18 fine-tuned,scratches,True,0.144275,0.30356336,True
ResNet-18 fine-tuned,scratches,True,0.13365,0.30482662,True
ResNet-18 fine-tuned,scratches,False,0.199,0.35146472,True
ResNet-18 fine-tuned,scratches,False,0.21765,0.3899147,True
ResNet-18 fine-tuned,scratches,False,0.31735,0.507298,True
ResNet-18 fine-tuned,scratches,False,0.05385,0.12175499,True
ResNet-18 fine-tuned,scratches,False,0.35825,0.47580993,True
ResNet-18 fine-tuned,scratches,False,0.685975,0.71836483,True
ResNet-18 fine-tuned,scratches,True,0.2178,0.47114003,True
ResNet-18 fine-tuned,scratches,True,0.3007,0.46402207,True
ResNet-18 fine-tuned,scratches,True,0.213425,0.44435212,True
ResNet-18 fine-tuned,scratches,True,0.1393,0.28884557,True
ResNet-18 fine-tuned,scratches,False,0.06475,0.1340343,True
ResNet-18 fine-tuned,scratches,True,0.199825,0.31899044,True
ResNet-18 fine-tuned,scratches,False,0.04255,0.108409256,True
ResNet-18 fine-tuned,scratches,True,0.36065,0.43013272,True
ResNet-18 fine-tuned,scratches,True,0.0758,0.16188657,True
ResNet-18 fine-tuned,scratches,True,0.164175,0.35107288,True
ResNet-18 fine-tuned,scratches,False,0.034775,0.11457214,True
ResNet-18 fine-tuned,scratches,True,0.184075,0.39863133,True
ResNet-18 fine-tuned,scratches,True,0.1943,0.36763495,True
ResNet-18 fine-tuned,scratches,True,0.06365,0.17453724,True
ResNet-18 fine-tuned,scratches,True,0.04655,0.124853306,True
ResNet-18 fine-tuned,scratches,True,0.09215,0.20152642,True
ResNet-18 fine-tuned,scratches,True,0.13105,0.26466087,True
ResNet-18 fine-tuned,scratches,False,0.236025,0.3882681,True
ResNet-18 fine-tuned,scratches,True,0.13565,0.29866922,True
ResNet-18 fine-tuned,scratches,True,0.2211,0.32025868,True
ResNet-18 fine-tuned,scratches,True,0.27905,0.34596983,True
ResNet-18 fine-tuned,scratches,True,0.082125,0.17717573,True
ResNet-18 fine-tuned,scratches,True,0.49215,0.65239805,True
ResNet-18 fine-tuned,scratches,True,0.11065,0.17529605,True
ResNet-18 fine-tuned,scratches,True,0.2334,0.49939463,True
ResNet-18 fine-tuned,scratches,True,0.164175,0.32214478,True
ResNet-18 fine-tuned,scratches,True,0.16915,0.34900406,True
ResNet-18 fine-tuned,scratches,True,0.184075,0.36828697,True
ResNet-18 fine-tuned,scratches,False,0.367375,0.40042192,True
ResNet-18 fine-tuned,scratches,True,0.179525,0.28182873,True
ResNet-18 fine-tuned,scratches,True,0.189875,0.3771006,True
ResNet-18 fine-tuned,scratches,False,0.222075,0.27786016,True
ResNet-18 fine-tuned,scratches,True,0.33145,0.56066436,True
ResNet-18 fine-tuned,scratches,True,0.10965,0.17881268,True
ResNet-18 fine-tuned,scratches,True,0.405175,0.4861924,True
ResNet-18 fine-tuned,scratches,True,0.061875,0.14189574,True
ResNet-18 fine-tuned,scratches,True,0.1269,0.17042245,True
ResNet-18 fine-tuned,scratches,True,0.114425,0.23726524,True
ResNet-18 fine-tuned,scratches,True,0.0975,0.25044876,True
ResNet-18 fine-tuned,scratches,True,0.236,0.6010239,True
ResNet-18 fine-tuned,scratches,True,0.223875,0.43057278,True
ResNet-18 fine-tuned,scratches,True,0.1881,0.4080674,True
ResNet-18 fine-tuned,scratches,True,0.15675,0.32953948,True
ResNet-18 fine-tuned,scratches,True,0.15045,0.33243915,True
ResNet-18 fine-tuned,scratches,True,0.16745,0.34349748,True
ResNet-18 fine-tuned,scratches,False,0.2511,0.47982433,True
ResNet-18 fine-tuned,scratches,True,0.1298,0.21357451,True
ResNet-18 fine-tuned,scratches,False,0.155575,0.31066313,True
ResNet-18 fine-tuned,scratches,True,0.072375,0.16621733,True
ResNet-18 fine-tuned,scratches,False,0.061125,0.15525016,True
ResNet-18 fine-tuned,scratches,False,0.157575,0.30400002,True
