model,seed,split,accuracy,macro_f1,epochs
Brightness + contrast (2 features),0,val,0.625,0.6215071003295302,
Brightness + contrast (2 features),0,test,0.6888888888888889,0.6902859986806934,
Intensity histogram (32 bins),0,val,0.6138888888888889,0.6054285440286925,
Intensity histogram (32 bins),0,test,0.5138888888888888,0.5141728410173734,
MLP (64x64 pixels),0,val,0.7194444444444444,0.7164696034441441,40.0
MLP (64x64 pixels),0,test,0.5972222222222222,0.5746951144398115,40.0
MLP (64x64 pixels),1,val,0.7388888888888889,0.7368243857451643,40.0
MLP (64x64 pixels),1,test,0.5972222222222222,0.5776371104240638,40.0
MLP (64x64 pixels),2,val,0.7361111111111112,0.7345848263395832,40.0
MLP (64x64 pixels),2,test,0.6,0.5853490911286138,40.0
Small CNN,0,val,0.9805555555555555,0.9807930175836774,40.0
Small CNN,0,test,0.9944444444444445,0.9944429008057795,40.0
Small CNN,1,val,0.9722222222222222,0.9726102827325653,37.0
Small CNN,1,test,0.9972222222222222,0.9972220293075909,37.0
Small CNN,2,val,0.9722222222222222,0.9726867335562988,40.0
Small CNN,2,test,1.0,1.0,40.0
