model,seed,variant,acc_mapped,acc_mapped_3way,acc_inclusion,acc_rolled-in_scale,acc_scratches
Small CNN,0,as is,0.2573913043478261,0.2782608695652174,0.6218487394957983,0.0,0.0
Small CNN,0,X-SDD pixel statistics,0.01217391304347826,0.5739130434782609,0.012605042016806723,0.0,0.029850746268656716
Small CNN,0,scratches inverted,0.35304347826086957,0.3739130434782609,0.6218487394957983,0.0,0.41044776119402987
Small CNN,1,as is,0.25043478260869567,0.27652173913043476,0.6050420168067226,0.0,0.0
Small CNN,1,X-SDD pixel statistics,0.01565217391304348,0.5652173913043478,0.0,0.0,0.06716417910447761
Small CNN,1,scratches inverted,0.35304347826086957,0.3808695652173913,0.6050420168067226,0.0,0.44029850746268656
Small CNN,2,as is,0.28695652173913044,0.3234782608695652,0.6932773109243697,0.0,0.0
Small CNN,2,X-SDD pixel statistics,0.020869565217391306,0.5304347826086957,0.037815126050420166,0.0,0.022388059701492536
Small CNN,2,scratches inverted,0.35478260869565215,0.391304347826087,0.6932773109243697,0.0,0.291044776119403
Small CNN + photometric aug.,0,as is,0.3060869565217391,0.3634782608695652,0.7394957983193278,0.0,0.0
Small CNN + photometric aug.,0,X-SDD pixel statistics,0.03826086956521739,0.5043478260869565,0.07983193277310924,0.0,0.022388059701492536
Small CNN + photometric aug.,0,scratches inverted,0.5008695652173913,0.5582608695652174,0.7394957983193278,0.0,0.835820895522388
Small CNN + photometric aug.,1,as is,0.28347826086956524,0.3391304347826087,0.6848739495798319,0.0,0.0
Small CNN + photometric aug.,1,X-SDD pixel statistics,0.02434782608695652,0.5165217391304348,0.02100840336134454,0.0,0.06716417910447761
Small CNN + photometric aug.,1,scratches inverted,0.41043478260869565,0.46608695652173915,0.6848739495798319,0.0,0.5447761194029851
Small CNN + photometric aug.,2,as is,0.30434782608695654,0.36695652173913046,0.7352941176470589,0.0,0.0
Small CNN + photometric aug.,2,X-SDD pixel statistics,0.02782608695652174,0.4817391304347826,0.0546218487394958,0.0,0.022388059701492536
Small CNN + photometric aug.,2,scratches inverted,0.41043478260869565,0.47304347826086957,0.7352941176470589,0.0,0.4552238805970149
ResNet-18 fine-tuned,0,as is,0.22260869565217392,0.5930434782608696,0.4831932773109244,0.0,0.09701492537313433
ResNet-18 fine-tuned,0,X-SDD pixel statistics,0.0782608695652174,0.5930434782608696,0.05042016806722689,0.0,0.2462686567164179
ResNet-18 fine-tuned,0,scratches inverted,0.4330434782608696,0.7721739130434783,0.4831932773109244,0.0,1.0
ResNet-18 fine-tuned,1,as is,0.24695652173913044,0.39652173913043476,0.542016806722689,0.0,0.09701492537313433
ResNet-18 fine-tuned,1,X-SDD pixel statistics,0.06434782608695652,0.43130434782608695,0.058823529411764705,0.0,0.17164179104477612
ResNet-18 fine-tuned,1,scratches inverted,0.4539130434782609,0.6017391304347826,0.542016806722689,0.0,0.9850746268656716
ResNet-18 fine-tuned,2,as is,0.20521739130434782,0.32521739130434785,0.4957983193277311,0.0,0.0
ResNet-18 fine-tuned,2,X-SDD pixel statistics,0.06956521739130435,0.41739130434782606,0.046218487394957986,0.0,0.21641791044776118
ResNet-18 fine-tuned,2,scratches inverted,0.43826086956521737,0.5582608695652174,0.4957983193277311,0.0,1.0
