method,k,seed,neu_test_acc,xsdd_acc,xsdd_inclusion,xsdd_rolled-in_scale,xsdd_scratches,xsdd_balanced
no adaptation cnn,0,0,0.9944444444444445,0.2573913043478261,0.6218487394957983,0.0,0.0,0.20728291316526612
no adaptation cnn,5,0,0.9944444444444445,0.25892857142857145,0.6223175965665236,0.0,0.0,0.20743919885550788
no adaptation cnn,10,0,0.9944444444444445,0.25504587155963304,0.6096491228070176,0.0,0.0,0.20321637426900585
no adaptation cnn,25,0,0.9944444444444445,0.262,0.6150234741784038,0.0,0.0,0.20500782472613457
no adaptation cnn,0,1,0.9972222222222222,0.25043478260869567,0.6050420168067226,0.0,0.0,0.20168067226890754
no adaptation cnn,5,1,0.9972222222222222,0.2517857142857143,0.6051502145922747,0.0,0.0,0.2017167381974249
no adaptation cnn,10,1,0.9972222222222222,0.24954128440366974,0.5964912280701754,0.0,0.0,0.19883040935672514
no adaptation cnn,25,1,0.9972222222222222,0.26,0.6103286384976526,0.0,0.0,0.20344287949921755
no adaptation cnn,0,2,1.0,0.28695652173913044,0.6932773109243697,0.0,0.0,0.2310924369747899
no adaptation cnn,5,2,1.0,0.2875,0.6909871244635193,0.0,0.0,0.23032904148783975
no adaptation cnn,10,2,1.0,0.29174311926605506,0.6973684210526315,0.0,0.0,0.23245614035087717
no adaptation cnn,25,2,1.0,0.302,0.7089201877934272,0.0,0.0,0.23630672926447574
no adaptation cnn_photometric,0,0,1.0,0.3060869565217391,0.7394957983193278,0.0,0.0,0.24649859943977592
no adaptation cnn_photometric,5,0,1.0,0.30714285714285716,0.7381974248927039,0.0,0.0,0.24606580829756797
no adaptation cnn_photometric,10,0,1.0,0.30458715596330277,0.7280701754385965,0.0,0.0,0.24269005847953218
no adaptation cnn_photometric,25,0,1.0,0.312,0.7323943661971831,0.0,0.0,0.24413145539906103
no adaptation cnn_photometric,0,1,0.9944444444444445,0.28347826086956524,0.6848739495798319,0.0,0.0,0.22829131652661064
no adaptation cnn_photometric,5,1,0.9944444444444445,0.2857142857142857,0.6866952789699571,0.0,0.0,0.22889842632331903
no adaptation cnn_photometric,10,1,0.9944444444444445,0.28440366972477066,0.6798245614035088,0.0,0.0,0.22660818713450293
no adaptation cnn_photometric,25,1,0.9944444444444445,0.296,0.6948356807511737,0.0,0.0,0.23161189358372458
no adaptation cnn_photometric,0,2,0.9916666666666667,0.30434782608695654,0.7352941176470589,0.0,0.0,0.2450980392156863
no adaptation cnn_photometric,5,2,0.9916666666666667,0.3053571428571429,0.7339055793991416,0.0,0.0,0.24463519313304719
no adaptation cnn_photometric,10,2,0.9916666666666667,0.30825688073394497,0.7368421052631579,0.0,0.0,0.24561403508771928
no adaptation cnn_photometric,25,2,0.9916666666666667,0.32,0.7511737089201878,0.0,0.0,0.25039123630672927
no adaptation cnn_invert,0,0,0.9611111111111111,0.26608695652173914,0.6260504201680672,0.0,0.029850746268656716,0.21863372214557464
no adaptation cnn_invert,5,0,0.9611111111111111,0.26607142857142857,0.6223175965665236,0.0,0.031007751937984496,0.21777511616816936
no adaptation cnn_invert,10,0,0.9611111111111111,0.26972477064220185,0.6271929824561403,0.0,0.03225806451612903,0.2198170156574231
no adaptation cnn_invert,25,0,0.9611111111111111,0.27,0.6244131455399061,0.0,0.01834862385321101,0.21425392313103905
no adaptation cnn_invert,0,1,0.9666666666666667,0.2608695652173913,0.6176470588235294,0.0,0.022388059701492536,0.21334503950834063
no adaptation cnn_invert,5,1,0.9666666666666667,0.26071428571428573,0.6180257510729614,0.0,0.015503875968992248,0.2111765423473179
no adaptation cnn_invert,10,1,0.9666666666666667,0.26055045871559634,0.6096491228070176,0.0,0.024193548387096774,0.2112808903980381
no adaptation cnn_invert,25,1,0.9666666666666667,0.274,0.6338028169014085,0.0,0.01834862385321101,0.21738381358487316
no adaptation cnn_invert,0,2,0.9722222222222222,0.2852173913043478,0.6470588235294118,0.0,0.07462686567164178,0.2405618964003512
no adaptation cnn_invert,5,2,0.9722222222222222,0.2839285714285714,0.6394849785407726,0.0,0.07751937984496124,0.23900145279524462
no adaptation cnn_invert,10,2,0.9722222222222222,0.28990825688073396,0.6535087719298246,0.0,0.07258064516129033,0.24202980569703833
no adaptation cnn_invert,25,2,0.9722222222222222,0.292,0.6525821596244131,0.0,0.06422018348623854,0.2389341143702172
linear probe (frozen ResNet-18),0,0,0.9888888888888889,0.19826086956521738,0.3067226890756303,0.0049261083743842365,0.29850746268656714,0.2033854200455272
linear probe (frozen ResNet-18),0,1,0.9888888888888889,0.19826086956521738,0.3067226890756303,0.0049261083743842365,0.29850746268656714,0.2033854200455272
linear probe (frozen ResNet-18),0,2,0.9888888888888889,0.19826086956521738,0.3067226890756303,0.0049261083743842365,0.29850746268656714,0.2033854200455272
linear probe (frozen ResNet-18),5,0,0.9861111111111112,0.8642857142857143,0.7296137339055794,0.9747474747474747,0.937984496124031,0.8807819015923616
linear probe (frozen ResNet-18),5,1,0.9888888888888889,0.7875,0.51931330472103,1.0,0.9457364341085271,0.821683246276519
linear probe (frozen ResNet-18),5,2,0.9861111111111112,0.8214285714285714,0.592274678111588,0.9797979797979798,0.9922480620155039,0.8547735733083571
linear probe (frozen ResNet-18),10,0,0.9888888888888889,0.8678899082568807,0.6885964912280702,1.0,0.9919354838709677,0.893510658366346
linear probe (frozen ResNet-18),10,1,0.9861111111111112,0.8220183486238533,0.5877192982456141,1.0,0.9758064516129032,0.8545085832861724
linear probe (frozen ResNet-18),10,2,0.9888888888888889,0.8990825688073395,0.793859649122807,0.9792746113989638,0.967741935483871,0.9136253986685473
linear probe (frozen ResNet-18),25,0,0.9833333333333333,0.912,0.8028169014084507,0.9943820224719101,0.9908256880733946,0.9293415373179185
linear probe (frozen ResNet-18),25,1,0.9777777777777777,0.96,0.9107981220657277,1.0,0.9908256880733946,0.9672079367130407
linear probe (frozen ResNet-18),25,2,0.975,0.96,0.9154929577464789,0.9943820224719101,0.9908256880733946,0.9669002227639277
fine-tune cnn_invert,5,0,0.9638888888888889,0.7053571428571429,0.6051502145922747,0.6515151515151515,0.9689922480620154,0.7418858713898139
fine-tune cnn_invert,5,1,0.9666666666666667,0.6839285714285714,0.5321888412017167,0.898989898989899,0.627906976744186,0.6863619056452673
fine-tune cnn_invert,5,2,0.95,0.7142857142857143,0.6094420600858369,0.9747474747474747,0.5038759689922481,0.69602183460852
fine-tune cnn_invert,10,0,0.9722222222222222,0.7045871559633028,0.4649122807017544,0.8652849740932642,0.8951612903225806,0.7417861817058663
fine-tune cnn_invert,10,1,0.9555555555555556,0.708256880733945,0.5350877192982456,0.917098445595855,0.7016129032258065,0.7179330227066357
fine-tune cnn_invert,10,2,0.9611111111111111,0.8055045871559633,0.7412280701754386,0.9119170984455959,0.7580645161290323,0.8037365615833556
fine-tune cnn_invert,25,0,0.9583333333333334,0.744,0.5023474178403756,0.9044943820224719,0.9541284403669725,0.7869900800766066
fine-tune cnn_invert,25,1,0.9472222222222222,0.742,0.6009389671361502,0.898876404494382,0.7614678899082569,0.7537610871795963
fine-tune cnn_invert,25,2,0.95,0.828,0.6666666666666666,0.9831460674157303,0.8899082568807339,0.846573663654377
fine-tune cnn_photometric,5,0,0.9777777777777777,0.775,0.5879828326180258,0.8686868686868687,0.9689922480620154,0.8085539831223033
fine-tune cnn_photometric,5,1,0.9888888888888889,0.7410714285714286,0.6566523605150214,0.9141414141414141,0.627906976744186,0.7329002504668738
fine-tune cnn_photometric,5,2,0.9861111111111112,0.7660714285714286,0.7682403433476395,0.9090909090909091,0.5426356589147286,0.7399889704510924
fine-tune cnn_photometric,10,0,0.9888888888888889,0.7834862385321101,0.5526315789473685,0.9533678756476683,0.9435483870967742,0.8165159472306037
fine-tune cnn_photometric,10,1,1.0,0.7504587155963303,0.5350877192982456,0.927461139896373,0.8709677419354839,0.7778388670433675
fine-tune cnn_photometric,10,2,0.9944444444444445,0.8495412844036697,0.8026315789473685,0.9119170984455959,0.8387096774193549,0.8510861182707731
fine-tune cnn_photometric,25,0,0.9861111111111112,0.834,0.6431924882629108,0.9775280898876404,0.9724770642201835,0.8643992141235782
fine-tune cnn_photometric,25,1,0.9888888888888889,0.862,0.755868544600939,0.9438202247191011,0.9357798165137615,0.8784895286112673
fine-tune cnn_photometric,25,2,0.9861111111111112,0.872,0.7323943661971831,0.9775280898876404,0.9724770642201835,0.8941331734350023
