file,cls,label,block,split
crazing_1.jpg,crazing,0,0,val
crazing_10.jpg,crazing,0,0,val
crazing_100.jpg,crazing,0,3,train
crazing_101.jpg,crazing,0,3,train
crazing_102.jpg,crazing,0,3,train
crazing_103.jpg,crazing,0,3,train
crazing_104.jpg,crazing,0,3,train
crazing_105.jpg,crazing,0,3,train
crazing_106.jpg,crazing,0,3,train
crazing_107.jpg,crazing,0,3,train
crazing_108.jpg,crazing,0,3,train
crazing_109.jpg,crazing,0,3,train
crazing_11.jpg,crazing,0,0,val
crazing_110.jpg,crazing,0,3,train
crazing_111.jpg,crazing,0,3,train
crazing_112.jpg,crazing,0,3,train
crazing_113.jpg,crazing,0,3,train
crazing_114.jpg,crazing,0,3,train
crazing_115.jpg,crazing,0,3,train
crazing_116.jpg,crazing,0,3,train
crazing_117.jpg,crazing,0,3,train
crazing_118.jpg,crazing,0,3,train
crazing_119.jpg,crazing,0,3,train
crazing_12.jpg,crazing,0,0,val
crazing_120.jpg,crazing,0,3,train
crazing_121.jpg,crazing,0,4,train
crazing_122.jpg,crazing,0,4,train
crazing_123.jpg,crazing,0,4,train
crazing_124.jpg,crazing,0,4,train
crazing_125.jpg,crazing,0,4,train
crazing_126.jpg,crazing,0,4,train
crazing_127.jpg,crazing,0,4,train
crazing_128.jpg,crazing,0,4,train
crazing_129.jpg,crazing,0,4,train
crazing_13.jpg,crazing,0,0,val
crazing_130.jpg,crazing,0,4,train
crazing_131.jpg,crazing,0,4,train
crazing_132.jpg,crazing,0,4,train
crazing_133.jpg,crazing,0,4,train
crazing_134.jpg,crazing,0,4,train
crazing_135.jpg,crazing,0,4,train
crazing_136.jpg,crazing,0,4,train
crazing_137.jpg,crazing,0,4,train
crazing_138.jpg,crazing,0,4,train
crazing_139.jpg,crazing,0,4,train
crazing_14.jpg,crazing,0,0,val
crazing_140.jpg,crazing,0,4,train
crazing_141.jpg,crazing,0,4,train
crazing_142.jpg,crazing,0,4,train
crazing_143.jpg,crazing,0,4,train
crazing_144.jpg,crazing,0,4,train
crazing_145.jpg,crazing,0,4,train
crazing_146.jpg,crazing,0,4,train
crazing_147.jpg,crazing,0,4,train
crazing_148.jpg,crazing,0,4,train
crazing_149.jpg,crazing,0,4,train
crazing_15.jpg,crazing,0,0,val
crazing_150.jpg,crazing,0,4,train
crazing_151.jpg,crazing,0,5,test
crazing_152.jpg,crazing,0,5,test
crazing_153.jpg,crazing,0,5,test
crazing_154.jpg,crazing,0,5,test
crazing_155.jpg,crazing,0,5,test
crazing_156.jpg,crazing,0,5,test
crazing_157.jpg,crazing,0,5,test
crazing_158.jpg,crazing,0,5,test
crazing_159.jpg,crazing,0,5,test
crazing_16.jpg,crazing,0,0,val
crazing_160.jpg,crazing,0,5,test
crazing_161.jpg,crazing,0,5,test
crazing_162.jpg,crazing,0,5,test
crazing_163.jpg,crazing,0,5,test
crazing_164.jpg,crazing,0,5,test
crazing_165.jpg,crazing,0,5,test
crazing_166.jpg,crazing,0,5,test
crazing_167.jpg,crazing,0,5,test
crazing_168.jpg,crazing,0,5,test
crazing_169.jpg,crazing,0,5,test
crazing_17.jpg,crazing,0,0,val
crazing_170.jpg,crazing,0,5,test
crazing_171.jpg,crazing,0,5,test
crazing_172.jpg,crazing,0,5,test
crazing_173.jpg,crazing,0,5,test
crazing_174.jpg,crazing,0,5,test
crazing_175.jpg,crazing,0,5,test
crazing_176.jpg,crazing,0,5,test
crazing_177.jpg,crazing,0,5,test
crazing_178.jpg,crazing,0,5,test
crazing_179.jpg,crazing,0,5,test
crazing_18.jpg,crazing,0,0,val
crazing_180.jpg,crazing,0,5,test
crazing_181.jpg,crazing,0,6,test
crazing_182.jpg,crazing,0,6,test
crazing_183.jpg,crazing,0,6,test
crazing_184.jpg,crazing,0,6,test
crazing_185.jpg,crazing,0,6,test
crazing_186.jpg,crazing,0,6,test
crazing_187.jpg,crazing,0,6,test
crazing_188.jpg,crazing,0,6,test
crazing_189.jpg,crazing,0,6,test
crazing_19.jpg,crazing,0,0,val
crazing_190.jpg,crazing,0,6,test
crazing_191.jpg,crazing,0,6,test
crazing_192.jpg,crazing,0,6,test
crazing_193.jpg,crazing,0,6,test
crazing_194.jpg,crazing,0,6,test
crazing_195.jpg,crazing,0,6,test
crazing_196.jpg,crazing,0,6,test
crazing_197.jpg,crazing,0,6,test
crazing_198.jpg,crazing,0,6,test
crazing_199.jpg,crazing,0,6,test
crazing_2.jpg,crazing,0,0,val
crazing_20.jpg,crazing,0,0,val
crazing_200.jpg,crazing,0,6,test
crazing_201.jpg,crazing,0,6,test
crazing_202.jpg,crazing,0,6,test
crazing_203.jpg,crazing,0,6,test
crazing_204.jpg,crazing,0,6,test
crazing_205.jpg,crazing,0,6,test
crazing_206.jpg,crazing,0,6,test
crazing_207.jpg,crazing,0,6,test
crazing_208.jpg,crazing,0,6,test
crazing_209.jpg,crazing,0,6,test
crazing_21.jpg,crazing,0,0,val
crazing_210.jpg,crazing,0,6,test
crazing_211.jpg,crazing,0,7,val
crazing_212.jpg,crazing,0,7,val
crazing_213.jpg,crazing,0,7,val
crazing_214.jpg,crazing,0,7,val
crazing_215.jpg,crazing,0,7,val
crazing_216.jpg,crazing,0,7,val
crazing_217.jpg,crazing,0,7,val
crazing_218.jpg,crazing,0,7,val
crazing_219.jpg,crazing,0,7,val
crazing_22.jpg,crazing,0,0,val
crazing_220.jpg,crazing,0,7,val
crazing_221.jpg,crazing,0,7,val
crazing_222.jpg,crazing,0,7,val
crazing_223.jpg,crazing,0,7,val
crazing_224.jpg,crazing,0,7,val
crazing_225.jpg,crazing,0,7,val
crazing_226.jpg,crazing,0,7,val
crazing_227.jpg,crazing,0,7,val
crazing_228.jpg,crazing,0,7,val
crazing_229.jpg,crazing,0,7,val
crazing_23.jpg,crazing,0,0,val
crazing_230.jpg,crazing,0,7,val
crazing_231.jpg,crazing,0,7,val
crazing_232.jpg,crazing,0,7,val
crazing_233.jpg,crazing,0,7,val
crazing_234.jpg,crazing,0,7,val
crazing_235.jpg,crazing,0,7,val
crazing_236.jpg,crazing,0,7,val
crazing_237.jpg,crazing,0,7,val
crazing_238.jpg,crazing,0,7,val
crazing_239.jpg,crazing,0,7,val
crazing_24.jpg,crazing,0,0,val
crazing_240.jpg,crazing,0,7,val
crazing_241.jpg,crazing,0,8,train
crazing_242.jpg,crazing,0,8,train
crazing_243.jpg,crazing,0,8,train
crazing_244.jpg,crazing,0,8,train
crazing_245.jpg,crazing,0,8,train
crazing_246.jpg,crazing,0,8,train
crazing_247.jpg,crazing,0,8,train
crazing_248.jpg,crazing,0,8,train
crazing_249.jpg,crazing,0,8,train
crazing_25.jpg,crazing,0,0,val
crazing_250.jpg,crazing,0,8,train
crazing_251.jpg,crazing,0,8,train
crazing_252.jpg,crazing,0,8,train
crazing_253.jpg,crazing,0,8,train
crazing_254.jpg,crazing,0,8,train
crazing_255.jpg,crazing,0,8,train
crazing_256.jpg,crazing,0,8,train
crazing_257.jpg,crazing,0,8,train
crazing_258.jpg,crazing,0,8,train
crazing_259.jpg,crazing,0,8,train
crazing_26.jpg,crazing,0,0,val
crazing_260.jpg,crazing,0,8,train
crazing_261.jpg,crazing,0,8,train
crazing_262.jpg,crazing,0,8,train
crazing_263.jpg,crazing,0,8,train
crazing_264.jpg,crazing,0,8,train
crazing_265.jpg,crazing,0,8,train
crazing_266.jpg,crazing,0,8,train
crazing_267.jpg,crazing,0,8,train
crazing_268.jpg,crazing,0,8,train
crazing_269.jpg,crazing,0,8,train
crazing_27.jpg,crazing,0,0,val
crazing_270.jpg,crazing,0,8,train
crazing_271.jpg,crazing,0,9,train
crazing_272.jpg,crazing,0,9,train
crazing_273.jpg,crazing,0,9,train
crazing_274.jpg,crazing,0,9,train
crazing_275.jpg,crazing,0,9,train
crazing_276.jpg,crazing,0,9,train
crazing_277.jpg,crazing,0,9,train
crazing_278.jpg,crazing,0,9,train
crazing_279.jpg,crazing,0,9,train
crazing_28.jpg,crazing,0,0,val
crazing_280.jpg,crazing,0,9,train
crazing_281.jpg,crazing,0,9,train
crazing_282.jpg,crazing,0,9,train
crazing_283.jpg,crazing,0,9,train
crazing_284.jpg,crazing,0,9,train
crazing_285.jpg,crazing,0,9,train
crazing_286.jpg,crazing,0,9,train
crazing_287.jpg,crazing,0,9,train
crazing_288.jpg,crazing,0,9,train
crazing_289.jpg,crazing,0,9,train
crazing_29.jpg,crazing,0,0,val
crazing_290.jpg,crazing,0,9,train
crazing_291.jpg,crazing,0,9,train
crazing_292.jpg,crazing,0,9,train
crazing_293.jpg,crazing,0,9,train
crazing_294.jpg,crazing,0,9,train
crazing_295.jpg,crazing,0,9,train
crazing_296.jpg,crazing,0,9,train
crazing_297.jpg,crazing,0,9,train
crazing_298.jpg,crazing,0,9,train
crazing_299.jpg,crazing,0,9,train
crazing_3.jpg,crazing,0,0,val
crazing_30.jpg,crazing,0,0,val
crazing_300.jpg,crazing,0,9,train
crazing_31.jpg,crazing,0,1,train
crazing_32.jpg,crazing,0,1,train
crazing_33.jpg,crazing,0,1,train
crazing_34.jpg,crazing,0,1,train
crazing_35.jpg,crazing,0,1,train
crazing_36.jpg,crazing,0,1,train
crazing_37.jpg,crazing,0,1,train
crazing_38.jpg,crazing,0,1,train
crazing_39.jpg,crazing,0,1,train
crazing_4.jpg,crazing,0,0,val
crazing_40.jpg,crazing,0,1,train
crazing_41.jpg,crazing,0,1,train
crazing_42.jpg,crazing,0,1,train
crazing_43.jpg,crazing,0,1,train
crazing_44.jpg,crazing,0,1,train
crazing_45.jpg,crazing,0,1,train
crazing_46.jpg,crazing,0,1,train
crazing_47.jpg,crazing,0,1,train
crazing_48.jpg,crazing,0,1,train
crazing_49.jpg,crazing,0,1,train
crazing_5.jpg,crazing,0,0,val
crazing_50.jpg,crazing,0,1,train
crazing_51.jpg,crazing,0,1,train
crazing_52.jpg,crazing,0,1,train
crazing_53.jpg,crazing,0,1,train
crazing_54.jpg,crazing,0,1,train
crazing_55.jpg,crazing,0,1,train
crazing_56.jpg,crazing,0,1,train
crazing_57.jpg,crazing,0,1,train
crazing_58.jpg,crazing,0,1,train
crazing_59.jpg,crazing,0,1,train
crazing_6.jpg,crazing,0,0,val
crazing_60.jpg,crazing,0,1,train
crazing_61.jpg,crazing,0,2,train
crazing_62.jpg,crazing,0,2,train
crazing_63.jpg,crazing,0,2,train
crazing_64.jpg,crazing,0,2,train
crazing_65.jpg,crazing,0,2,train
crazing_66.jpg,crazing,0,2,train
crazing_67.jpg,crazing,0,2,train
crazing_68.jpg,crazing,0,2,train
crazing_69.jpg,crazing,0,2,train
crazing_7.jpg,crazing,0,0,val
crazing_70.jpg,crazing,0,2,train
crazing_71.jpg,crazing,0,2,train
crazing_72.jpg,crazing,0,2,train
crazing_73.jpg,crazing,0,2,train
crazing_74.jpg,crazing,0,2,train
crazing_75.jpg,crazing,0,2,train
crazing_76.jpg,crazing,0,2,train
crazing_77.jpg,crazing,0,2,train
crazing_78.jpg,crazing,0,2,train
crazing_79.jpg,crazing,0,2,train
crazing_8.jpg,crazing,0,0,val
crazing_80.jpg,crazing,0,2,train
crazing_81.jpg,crazing,0,2,train
crazing_82.jpg,crazing,0,2,train
crazing_83.jpg,crazing,0,2,train
crazing_84.jpg,crazing,0,2,train
crazing_85.jpg,crazing,0,2,train
crazing_86.jpg,crazing,0,2,train
crazing_87.jpg,crazing,0,2,train
crazing_88.jpg,crazing,0,2,train
crazing_89.jpg,crazing,0,2,train
crazing_9.jpg,crazing,0,0,val
crazing_90.jpg,crazing,0,2,train
crazing_91.jpg,crazing,0,3,train
crazing_92.jpg,crazing,0,3,train
crazing_93.jpg,crazing,0,3,train
crazing_94.jpg,crazing,0,3,train
crazing_95.jpg,crazing,0,3,train
crazing_96.jpg,crazing,0,3,train
crazing_97.jpg,crazing,0,3,train
crazing_98.jpg,crazing,0,3,train
crazing_99.jpg,crazing,0,3,train
inclusion_1.jpg,inclusion,1,0,train
inclusion_10.jpg,inclusion,1,0,train
inclusion_100.jpg,inclusion,1,3,train
inclusion_101.jpg,inclusion,1,3,train
inclusion_102.jpg,inclusion,1,3,train
inclusion_103.jpg,inclusion,1,3,train
inclusion_104.jpg,inclusion,1,3,train
inclusion_105.jpg,inclusion,1,3,train
inclusion_106.jpg,inclusion,1,3,train
inclusion_107.jpg,inclusion,1,3,train
inclusion_108.jpg,inclusion,1,3,train
inclusion_109.jpg,inclusion,1,3,train
inclusion_11.jpg,inclusion,1,0,train
inclusion_110.jpg,inclusion,1,3,train
inclusion_111.jpg,inclusion,1,3,train
inclusion_112.jpg,inclusion,1,3,train
inclusion_113.jpg,inclusion,1,3,train
inclusion_114.jpg,inclusion,1,3,train
inclusion_115.jpg,inclusion,1,3,train
inclusion_116.jpg,inclusion,1,3,train
inclusion_117.jpg,inclusion,1,3,train
inclusion_118.jpg,inclusion,1,3,train
inclusion_119.jpg,inclusion,1,3,train
inclusion_12.jpg,inclusion,1,0,train
inclusion_120.jpg,inclusion,1,3,train
inclusion_121.jpg,inclusion,1,4,test
inclusion_122.jpg,inclusion,1,4,test
inclusion_123.jpg,inclusion,1,4,test
inclusion_124.jpg,inclusion,1,4,test
inclusion_125.jpg,inclusion,1,4,test
inclusion_126.jpg,inclusion,1,4,test
inclusion_127.jpg,inclusion,1,4,test
inclusion_128.jpg,inclusion,1,4,test
inclusion_129.jpg,inclusion,1,4,test
inclusion_13.jpg,inclusion,1,0,train
inclusion_130.jpg,inclusion,1,4,test
inclusion_131.jpg,inclusion,1,4,test
inclusion_132.jpg,inclusion,1,4,test
inclusion_133.jpg,inclusion,1,4,test
inclusion_134.jpg,inclusion,1,4,test
inclusion_135.jpg,inclusion,1,4,test
inclusion_136.jpg,inclusion,1,4,test
inclusion_137.jpg,inclusion,1,4,test
inclusion_138.jpg,inclusion,1,4,test
inclusion_139.jpg,inclusion,1,4,test
inclusion_14.jpg,inclusion,1,0,train
inclusion_140.jpg,inclusion,1,4,test
inclusion_141.jpg,inclusion,1,4,test
inclusion_142.jpg,inclusion,1,4,test
inclusion_143.jpg,inclusion,1,4,test
inclusion_144.jpg,inclusion,1,4,test
inclusion_145.jpg,inclusion,1,4,test
inclusion_146.jpg,inclusion,1,4,test
inclusion_147.jpg,inclusion,1,4,test
inclusion_148.jpg,inclusion,1,4,test
inclusion_149.jpg,inclusion,1,4,test
inclusion_15.jpg,inclusion,1,0,train
inclusion_150.jpg,inclusion,1,4,test
inclusion_151.jpg,inclusion,1,5,train
inclusion_152.jpg,inclusion,1,5,train
inclusion_153.jpg,inclusion,1,5,train
inclusion_154.jpg,inclusion,1,5,train
inclusion_155.jpg,inclusion,1,5,train
inclusion_156.jpg,inclusion,1,5,train
inclusion_157.jpg,inclusion,1,5,train
inclusion_158.jpg,inclusion,1,5,train
inclusion_159.jpg,inclusion,1,5,train
inclusion_16.jpg,inclusion,1,0,train
inclusion_160.jpg,inclusion,1,5,train
inclusion_161.jpg,inclusion,1,5,train
inclusion_162.jpg,inclusion,1,5,train
inclusion_163.jpg,inclusion,1,5,train
inclusion_164.jpg,inclusion,1,5,train
inclusion_165.jpg,inclusion,1,5,train
inclusion_166.jpg,inclusion,1,5,train
inclusion_167.jpg,inclusion,1,5,train
inclusion_168.jpg,inclusion,1,5,train
inclusion_169.jpg,inclusion,1,5,train
inclusion_17.jpg,inclusion,1,0,train
inclusion_170.jpg,inclusion,1,5,train
inclusion_171.jpg,inclusion,1,5,train
inclusion_172.jpg,inclusion,1,5,train
inclusion_173.jpg,inclusion,1,5,train
inclusion_174.jpg,inclusion,1,5,train
inclusion_175.jpg,inclusion,1,5,train
inclusion_176.jpg,inclusion,1,5,train
inclusion_177.jpg,inclusion,1,5,train
inclusion_178.jpg,inclusion,1,5,train
inclusion_179.jpg,inclusion,1,5,train
inclusion_18.jpg,inclusion,1,0,train
inclusion_180.jpg,inclusion,1,5,train
inclusion_181.jpg,inclusion,1,6,val
inclusion_182.jpg,inclusion,1,6,val
inclusion_183.jpg,inclusion,1,6,val
inclusion_184.jpg,inclusion,1,6,val
inclusion_185.jpg,inclusion,1,6,val
inclusion_186.jpg,inclusion,1,6,val
inclusion_187.jpg,inclusion,1,6,val
inclusion_188.jpg,inclusion,1,6,val
inclusion_189.jpg,inclusion,1,6,val
inclusion_19.jpg,inclusion,1,0,train
inclusion_190.jpg,inclusion,1,6,val
inclusion_191.jpg,inclusion,1,6,val
inclusion_192.jpg,inclusion,1,6,val
inclusion_193.jpg,inclusion,1,6,val
inclusion_194.jpg,inclusion,1,6,val
inclusion_195.jpg,inclusion,1,6,val
inclusion_196.jpg,inclusion,1,6,val
inclusion_197.jpg,inclusion,1,6,val
inclusion_198.jpg,inclusion,1,6,val
inclusion_199.jpg,inclusion,1,6,val
inclusion_2.jpg,inclusion,1,0,train
inclusion_20.jpg,inclusion,1,0,train
inclusion_200.jpg,inclusion,1,6,val
inclusion_201.jpg,inclusion,1,6,val
inclusion_202.jpg,inclusion,1,6,val
inclusion_203.jpg,inclusion,1,6,val
inclusion_204.jpg,inclusion,1,6,val
inclusion_205.jpg,inclusion,1,6,val
inclusion_206.jpg,inclusion,1,6,val
inclusion_207.jpg,inclusion,1,6,val
inclusion_208.jpg,inclusion,1,6,val
inclusion_209.jpg,inclusion,1,6,val
inclusion_21.jpg,inclusion,1,0,train
inclusion_210.jpg,inclusion,1,6,val
inclusion_211.jpg,inclusion,1,7,train
inclusion_212.jpg,inclusion,1,7,train
inclusion_213.jpg,inclusion,1,7,train
inclusion_214.jpg,inclusion,1,7,train
inclusion_215.jpg,inclusion,1,7,train
inclusion_216.jpg,inclusion,1,7,train
inclusion_217.jpg,inclusion,1,7,train
inclusion_218.jpg,inclusion,1,7,train
inclusion_219.jpg,inclusion,1,7,train
inclusion_22.jpg,inclusion,1,0,train
inclusion_220.jpg,inclusion,1,7,train
inclusion_221.jpg,inclusion,1,7,train
inclusion_222.jpg,inclusion,1,7,train
inclusion_223.jpg,inclusion,1,7,train
inclusion_224.jpg,inclusion,1,7,train
inclusion_225.jpg,inclusion,1,7,train
inclusion_226.jpg,inclusion,1,7,train
inclusion_227.jpg,inclusion,1,7,train
inclusion_228.jpg,inclusion,1,7,train
inclusion_229.jpg,inclusion,1,7,train
inclusion_23.jpg,inclusion,1,0,train
inclusion_230.jpg,inclusion,1,7,train
inclusion_231.jpg,inclusion,1,7,train
inclusion_232.jpg,inclusion,1,7,train
inclusion_233.jpg,inclusion,1,7,train
inclusion_234.jpg,inclusion,1,7,train
inclusion_235.jpg,inclusion,1,7,train
inclusion_236.jpg,inclusion,1,7,train
inclusion_237.jpg,inclusion,1,7,train
inclusion_238.jpg,inclusion,1,7,train
inclusion_239.jpg,inclusion,1,7,train
inclusion_24.jpg,inclusion,1,0,train
inclusion_240.jpg,inclusion,1,7,train
inclusion_241.jpg,inclusion,1,8,test
inclusion_242.jpg,inclusion,1,8,test
inclusion_243.jpg,inclusion,1,8,test
inclusion_244.jpg,inclusion,1,8,test
inclusion_245.jpg,inclusion,1,8,test
inclusion_246.jpg,inclusion,1,8,test
inclusion_247.jpg,inclusion,1,8,test
inclusion_248.jpg,inclusion,1,8,test
inclusion_249.jpg,inclusion,1,8,test
inclusion_25.jpg,inclusion,1,0,train
inclusion_250.jpg,inclusion,1,8,test
inclusion_251.jpg,inclusion,1,8,test
inclusion_252.jpg,inclusion,1,8,test
inclusion_253.jpg,inclusion,1,8,test
inclusion_254.jpg,inclusion,1,8,test
inclusion_255.jpg,inclusion,1,8,test
inclusion_256.jpg,inclusion,1,8,test
inclusion_257.jpg,inclusion,1,8,test
inclusion_258.jpg,inclusion,1,8,test
inclusion_259.jpg,inclusion,1,8,test
inclusion_26.jpg,inclusion,1,0,train
inclusion_260.jpg,inclusion,1,8,test
inclusion_261.jpg,inclusion,1,8,test
inclusion_262.jpg,inclusion,1,8,test
inclusion_263.jpg,inclusion,1,8,test
inclusion_264.jpg,inclusion,1,8,test
inclusion_265.jpg,inclusion,1,8,test
inclusion_266.jpg,inclusion,1,8,test
inclusion_267.jpg,inclusion,1,8,test
inclusion_268.jpg,inclusion,1,8,test
inclusion_269.jpg,inclusion,1,8,test
inclusion_27.jpg,inclusion,1,0,train
inclusion_270.jpg,inclusion,1,8,test
inclusion_271.jpg,inclusion,1,9,train
inclusion_272.jpg,inclusion,1,9,train
inclusion_273.jpg,inclusion,1,9,train
inclusion_274.jpg,inclusion,1,9,train
inclusion_275.jpg,inclusion,1,9,train
inclusion_276.jpg,inclusion,1,9,train
inclusion_277.jpg,inclusion,1,9,train
inclusion_278.jpg,inclusion,1,9,train
inclusion_279.jpg,inclusion,1,9,train
inclusion_28.jpg,inclusion,1,0,train
inclusion_280.jpg,inclusion,1,9,train
inclusion_281.jpg,inclusion,1,9,train
inclusion_282.jpg,inclusion,1,9,train
inclusion_283.jpg,inclusion,1,9,train
inclusion_284.jpg,inclusion,1,9,train
inclusion_285.jpg,inclusion,1,9,train
inclusion_286.jpg,inclusion,1,9,train
inclusion_287.jpg,inclusion,1,9,train
inclusion_288.jpg,inclusion,1,9,train
inclusion_289.jpg,inclusion,1,9,train
inclusion_29.jpg,inclusion,1,0,train
inclusion_290.jpg,inclusion,1,9,train
inclusion_291.jpg,inclusion,1,9,train
inclusion_292.jpg,inclusion,1,9,train
inclusion_293.jpg,inclusion,1,9,train
inclusion_294.jpg,inclusion,1,9,train
inclusion_295.jpg,inclusion,1,9,train
inclusion_296.jpg,inclusion,1,9,train
inclusion_297.jpg,inclusion,1,9,train
inclusion_298.jpg,inclusion,1,9,train
inclusion_299.jpg,inclusion,1,9,train
inclusion_3.jpg,inclusion,1,0,train
inclusion_30.jpg,inclusion,1,0,train
inclusion_300.jpg,inclusion,1,9,train
inclusion_31.jpg,inclusion,1,1,train
inclusion_32.jpg,inclusion,1,1,train
inclusion_33.jpg,inclusion,1,1,train
inclusion_34.jpg,inclusion,1,1,train
inclusion_35.jpg,inclusion,1,1,train
inclusion_36.jpg,inclusion,1,1,train
inclusion_37.jpg,inclusion,1,1,train
inclusion_38.jpg,inclusion,1,1,train
inclusion_39.jpg,inclusion,1,1,train
inclusion_4.jpg,inclusion,1,0,train
inclusion_40.jpg,inclusion,1,1,train
inclusion_41.jpg,inclusion,1,1,train
inclusion_42.jpg,inclusion,1,1,train
inclusion_43.jpg,inclusion,1,1,train
inclusion_44.jpg,inclusion,1,1,train
inclusion_45.jpg,inclusion,1,1,train
inclusion_46.jpg,inclusion,1,1,train
inclusion_47.jpg,inclusion,1,1,train
inclusion_48.jpg,inclusion,1,1,train
inclusion_49.jpg,inclusion,1,1,train
inclusion_5.jpg,inclusion,1,0,train
inclusion_50.jpg,inclusion,1,1,train
inclusion_51.jpg,inclusion,1,1,train
inclusion_52.jpg,inclusion,1,1,train
inclusion_53.jpg,inclusion,1,1,train
inclusion_54.jpg,inclusion,1,1,train
inclusion_55.jpg,inclusion,1,1,train
inclusion_56.jpg,inclusion,1,1,train
inclusion_57.jpg,inclusion,1,1,train
inclusion_58.jpg,inclusion,1,1,train
inclusion_59.jpg,inclusion,1,1,train
inclusion_6.jpg,inclusion,1,0,train
inclusion_60.jpg,inclusion,1,1,train
inclusion_61.jpg,inclusion,1,2,val
inclusion_62.jpg,inclusion,1,2,val
inclusion_63.jpg,inclusion,1,2,val
inclusion_64.jpg,inclusion,1,2,val
inclusion_65.jpg,inclusion,1,2,val
inclusion_66.jpg,inclusion,1,2,val
inclusion_67.jpg,inclusion,1,2,val
inclusion_68.jpg,inclusion,1,2,val
inclusion_69.jpg,inclusion,1,2,val
inclusion_7.jpg,inclusion,1,0,train
inclusion_70.jpg,inclusion,1,2,val
inclusion_71.jpg,inclusion,1,2,val
inclusion_72.jpg,inclusion,1,2,val
inclusion_73.jpg,inclusion,1,2,val
inclusion_74.jpg,inclusion,1,2,val
inclusion_75.jpg,inclusion,1,2,val
inclusion_76.jpg,inclusion,1,2,val
inclusion_77.jpg,inclusion,1,2,val
inclusion_78.jpg,inclusion,1,2,val
inclusion_79.jpg,inclusion,1,2,val
inclusion_8.jpg,inclusion,1,0,train
inclusion_80.jpg,inclusion,1,2,val
inclusion_81.jpg,inclusion,1,2,val
inclusion_82.jpg,inclusion,1,2,val
inclusion_83.jpg,inclusion,1,2,val
inclusion_84.jpg,inclusion,1,2,val
inclusion_85.jpg,inclusion,1,2,val
inclusion_86.jpg,inclusion,1,2,val
inclusion_87.jpg,inclusion,1,2,val
inclusion_88.jpg,inclusion,1,2,val
inclusion_89.jpg,inclusion,1,2,val
inclusion_9.jpg,inclusion,1,0,train
inclusion_90.jpg,inclusion,1,2,val
inclusion_91.jpg,inclusion,1,3,train
inclusion_92.jpg,inclusion,1,3,train
inclusion_93.jpg,inclusion,1,3,train
inclusion_94.jpg,inclusion,1,3,train
inclusion_95.jpg,inclusion,1,3,train
inclusion_96.jpg,inclusion,1,3,train
inclusion_97.jpg,inclusion,1,3,train
inclusion_98.jpg,inclusion,1,3,train
inclusion_99.jpg,inclusion,1,3,train
patches_1.jpg,patches,2,0,test
patches_10.jpg,patches,2,0,test
patches_100.jpg,patches,2,3,train
patches_101.jpg,patches,2,3,train
patches_102.jpg,patches,2,3,train
patches_103.jpg,patches,2,3,train
patches_104.jpg,patches,2,3,train
patches_106.jpg,patches,2,3,train
patches_107.jpg,patches,2,3,train
patches_108.jpg,patches,2,3,train
patches_109.jpg,patches,2,3,train
patches_11.jpg,patches,2,0,test
patches_110.jpg,patches,2,3,train
patches_111.jpg,patches,2,3,train
patches_112.jpg,patches,2,3,train
patches_113.jpg,patches,2,3,train
patches_114.jpg,patches,2,3,train
patches_115.jpg,patches,2,3,train
patches_116.jpg,patches,2,3,train
patches_117.jpg,patches,2,3,train
patches_118.jpg,patches,2,3,train
patches_119.jpg,patches,2,3,train
patches_12.jpg,patches,2,0,test
patches_120.jpg,patches,2,3,train
patches_121.jpg,patches,2,4,val
patches_122.jpg,patches,2,4,val
patches_123.jpg,patches,2,4,val
patches_124.jpg,patches,2,4,val
patches_125.jpg,patches,2,4,val
patches_126.jpg,patches,2,4,val
patches_127.jpg,patches,2,4,val
patches_128.jpg,patches,2,4,val
patches_129.jpg,patches,2,4,val
patches_13.jpg,patches,2,0,test
patches_130.jpg,patches,2,4,val
patches_131.jpg,patches,2,4,val
patches_132.jpg,patches,2,4,val
patches_133.jpg,patches,2,4,val
patches_134.jpg,patches,2,4,val
patches_135.jpg,patches,2,4,val
patches_136.jpg,patches,2,4,val
patches_137.jpg,patches,2,4,val
patches_138.jpg,patches,2,4,val
patches_139.jpg,patches,2,4,val
patches_14.jpg,patches,2,0,test
patches_140.jpg,patches,2,4,val
patches_141.jpg,patches,2,4,val
patches_142.jpg,patches,2,4,val
patches_143.jpg,patches,2,4,val
patches_144.jpg,patches,2,4,val
patches_145.jpg,patches,2,4,val
patches_146.jpg,patches,2,4,val
patches_147.jpg,patches,2,4,val
patches_148.jpg,patches,2,4,val
patches_149.jpg,patches,2,4,val
patches_15.jpg,patches,2,0,test
patches_150.jpg,patches,2,4,val
patches_151.jpg,patches,2,5,train
patches_152.jpg,patches,2,5,train
patches_153.jpg,patches,2,5,train
patches_154.jpg,patches,2,5,train
patches_155.jpg,patches,2,5,train
patches_156.jpg,patches,2,5,train
patches_157.jpg,patches,2,5,train
patches_158.jpg,patches,2,5,train
patches_159.jpg,patches,2,5,train
patches_16.jpg,patches,2,0,test
patches_160.jpg,patches,2,5,train
patches_161.jpg,patches,2,5,train
patches_162.jpg,patches,2,5,train
patches_163.jpg,patches,2,5,train
patches_164.jpg,patches,2,5,train
patches_165.jpg,patches,2,5,train
patches_166.jpg,patches,2,5,train
patches_167.jpg,patches,2,5,train
patches_168.jpg,patches,2,5,train
patches_169.jpg,patches,2,5,train
patches_17.jpg,patches,2,0,test
patches_170.jpg,patches,2,5,train
patches_171.jpg,patches,2,5,train
patches_172.jpg,patches,2,5,train
patches_173.jpg,patches,2,5,train
patches_174.jpg,patches,2,5,train
patches_175.jpg,patches,2,5,train
patches_176.jpg,patches,2,5,train
patches_177.jpg,patches,2,5,train
patches_178.jpg,patches,2,5,train
patches_179.jpg,patches,2,5,train
patches_18.jpg,patches,2,0,test
patches_180.jpg,patches,2,5,train
patches_181.jpg,patches,2,6,train
patches_182.jpg,patches,2,6,train
patches_183.jpg,patches,2,6,train
patches_184.jpg,patches,2,6,train
patches_185.jpg,patches,2,6,train
patches_186.jpg,patches,2,6,train
patches_187.jpg,patches,2,6,train
patches_188.jpg,patches,2,6,train
patches_189.jpg,patches,2,6,train
patches_19.jpg,patches,2,0,test
patches_190.jpg,patches,2,6,train
patches_191.jpg,patches,2,6,train
patches_192.jpg,patches,2,6,train
patches_193.jpg,patches,2,6,train
patches_194.jpg,patches,2,6,train
patches_195.jpg,patches,2,6,train
patches_196.jpg,patches,2,6,train
patches_197.jpg,patches,2,6,train
patches_198.jpg,patches,2,6,train
patches_199.jpg,patches,2,6,train
patches_2.jpg,patches,2,0,test
patches_20.jpg,patches,2,0,test
patches_200.jpg,patches,2,6,train
patches_201.jpg,patches,2,6,train
patches_202.jpg,patches,2,6,train
patches_203.jpg,patches,2,6,train
patches_204.jpg,patches,2,6,train
patches_205.jpg,patches,2,6,train
patches_206.jpg,patches,2,6,train
patches_207.jpg,patches,2,6,train
patches_208.jpg,patches,2,6,train
patches_209.jpg,patches,2,6,train
patches_21.jpg,patches,2,0,test
patches_210.jpg,patches,2,6,train
patches_211.jpg,patches,2,7,train
patches_212.jpg,patches,2,7,train
patches_213.jpg,patches,2,7,train
patches_214.jpg,patches,2,7,train
patches_215.jpg,patches,2,7,train
patches_216.jpg,patches,2,7,train
patches_217.jpg,patches,2,7,train
patches_218.jpg,patches,2,7,train
patches_219.jpg,patches,2,7,train
patches_22.jpg,patches,2,0,test
patches_220.jpg,patches,2,7,train
patches_221.jpg,patches,2,7,train
patches_222.jpg,patches,2,7,train
patches_223.jpg,patches,2,7,train
patches_224.jpg,patches,2,7,train
patches_225.jpg,patches,2,7,train
patches_226.jpg,patches,2,7,train
patches_227.jpg,patches,2,7,train
patches_228.jpg,patches,2,7,train
patches_229.jpg,patches,2,7,train
patches_23.jpg,patches,2,0,test
patches_230.jpg,patches,2,7,train
patches_231.jpg,patches,2,7,train
patches_232.jpg,patches,2,7,train
patches_233.jpg,patches,2,7,train
patches_234.jpg,patches,2,7,train
patches_235.jpg,patches,2,7,train
patches_236.jpg,patches,2,7,train
patches_237.jpg,patches,2,7,train
patches_238.jpg,patches,2,7,train
patches_239.jpg,patches,2,7,train
patches_24.jpg,patches,2,0,test
patches_240.jpg,patches,2,7,train
patches_241.jpg,patches,2,8,val
patches_242.jpg,patches,2,8,val
patches_243.jpg,patches,2,8,val
patches_244.jpg,patches,2,8,val
patches_245.jpg,patches,2,8,val
patches_246.jpg,patches,2,8,val
patches_247.jpg,patches,2,8,val
patches_248.jpg,patches,2,8,val
patches_249.jpg,patches,2,8,val
patches_25.jpg,patches,2,0,test
patches_250.jpg,patches,2,8,val
patches_251.jpg,patches,2,8,val
patches_252.jpg,patches,2,8,val
patches_253.jpg,patches,2,8,val
patches_254.jpg,patches,2,8,val
patches_255.jpg,patches,2,8,val
patches_256.jpg,patches,2,8,val
patches_257.jpg,patches,2,8,val
patches_258.jpg,patches,2,8,val
patches_259.jpg,patches,2,8,val
patches_26.jpg,patches,2,0,test
patches_260.jpg,patches,2,8,val
patches_261.jpg,patches,2,8,val
patches_262.jpg,patches,2,8,val
patches_263.jpg,patches,2,8,val
patches_264.jpg,patches,2,8,val
patches_265.jpg,patches,2,8,val
patches_266.jpg,patches,2,8,val
patches_267.jpg,patches,2,8,val
patches_268.jpg,patches,2,8,val
patches_269.jpg,patches,2,8,val
patches_27.jpg,patches,2,0,test
patches_270.jpg,patches,2,8,val
patches_271.jpg,patches,2,9,test
patches_272.jpg,patches,2,9,test
patches_273.jpg,patches,2,9,test
patches_274.jpg,patches,2,9,test
patches_275.jpg,patches,2,9,test
patches_276.jpg,patches,2,9,test
patches_277.jpg,patches,2,9,test
patches_278.jpg,patches,2,9,test
patches_279.jpg,patches,2,9,test
patches_28.jpg,patches,2,0,test
patches_280.jpg,patches,2,9,test
patches_281.jpg,patches,2,9,test
patches_282.jpg,patches,2,9,test
patches_283.jpg,patches,2,9,test
patches_284.jpg,patches,2,9,test
patches_285.jpg,patches,2,9,test
patches_286.jpg,patches,2,9,test
patches_287.jpg,patches,2,9,test
patches_288.jpg,patches,2,9,test
patches_289.jpg,patches,2,9,test
patches_29.jpg,patches,2,0,test
patches_290.jpg,patches,2,9,test
patches_291.jpg,patches,2,9,test
patches_292.jpg,patches,2,9,test
patches_293.jpg,patches,2,9,test
patches_294.jpg,patches,2,9,test
patches_295.jpg,patches,2,9,test
patches_296.jpg,patches,2,9,test
patches_297.jpg,patches,2,9,test
patches_298.jpg,patches,2,9,test
patches_299.jpg,patches,2,9,test
patches_3.jpg,patches,2,0,test
patches_30.jpg,patches,2,0,test
patches_300.jpg,patches,2,9,test
patches_31.jpg,patches,2,1,train
patches_32.jpg,patches,2,1,train
patches_33.jpg,patches,2,1,train
patches_34.jpg,patches,2,1,train
patches_35.jpg,patches,2,1,train
patches_36.jpg,patches,2,1,train
patches_37.jpg,patches,2,1,train
patches_38.jpg,patches,2,1,train
patches_39.jpg,patches,2,1,train
patches_4.jpg,patches,2,0,test
patches_40.jpg,patches,2,1,train
patches_41.jpg,patches,2,1,train
patches_42.jpg,patches,2,1,train
patches_43.jpg,patches,2,1,train
patches_44.jpg,patches,2,1,train
patches_45.jpg,patches,2,1,train
patches_46.jpg,patches,2,1,train
patches_47.jpg,patches,2,1,train
patches_48.jpg,patches,2,1,train
patches_49.jpg,patches,2,1,train
patches_5.jpg,patches,2,0,test
patches_50.jpg,patches,2,1,train
patches_51.jpg,patches,2,1,train
patches_52.jpg,patches,2,1,train
patches_53.jpg,patches,2,1,train
patches_54.jpg,patches,2,1,train
patches_55.jpg,patches,2,1,train
patches_56.jpg,patches,2,1,train
patches_57.jpg,patches,2,1,train
patches_58.jpg,patches,2,1,train
patches_59.jpg,patches,2,1,train
patches_6.jpg,patches,2,0,test
patches_60.jpg,patches,2,1,train
patches_61.jpg,patches,2,2,train
patches_62.jpg,patches,2,2,train
patches_63.jpg,patches,2,2,train
patches_64.jpg,patches,2,2,train
patches_65.jpg,patches,2,2,train
patches_66.jpg,patches,2,2,train
patches_67.jpg,patches,2,2,train
patches_68.jpg,patches,2,2,train
patches_69.jpg,patches,2,2,train
patches_7.jpg,patches,2,0,test
patches_70.jpg,patches,2,2,train
patches_71.jpg,patches,2,2,train
patches_72.jpg,patches,2,2,train
patches_73.jpg,patches,2,2,train
patches_74.jpg,patches,2,2,train
patches_75.jpg,patches,2,2,train
patches_76.jpg,patches,2,2,train
patches_77.jpg,patches,2,2,train
patches_78.jpg,patches,2,2,train
patches_79.jpg,patches,2,2,train
patches_8.jpg,patches,2,0,test
patches_80.jpg,patches,2,2,train
patches_81.jpg,patches,2,2,train
patches_82.jpg,patches,2,2,train
patches_83.jpg,patches,2,2,train
patches_84.jpg,patches,2,2,train
patches_85.jpg,patches,2,2,train
patches_86.jpg,patches,2,2,train
patches_87.jpg,patches,2,2,train
patches_88.jpg,patches,2,2,train
patches_89.jpg,patches,2,2,train
patches_9.jpg,patches,2,0,test
patches_90.jpg,patches,2,2,train
patches_91.jpg,patches,2,3,train
patches_92.jpg,patches,2,3,train
patches_93.jpg,patches,2,3,train
patches_94.jpg,patches,2,3,train
patches_95.jpg,patches,2,3,train
patches_96.jpg,patches,2,3,train
patches_97.jpg,patches,2,3,train
patches_98.jpg,patches,2,3,train
patches_99.jpg,patches,2,3,train
pitted_surface_1.jpg,pitted_surface,3,0,train
pitted_surface_10.jpg,pitted_surface,3,0,train
pitted_surface_100.jpg,pitted_surface,3,3,train
pitted_surface_101.jpg,pitted_surface,3,3,train
pitted_surface_102.jpg,pitted_surface,3,3,train
pitted_surface_103.jpg,pitted_surface,3,3,train
pitted_surface_104.jpg,pitted_surface,3,3,train
pitted_surface_105.jpg,pitted_surface,3,3,train
pitted_surface_106.jpg,pitted_surface,3,3,train
pitted_surface_107.jpg,pitted_surface,3,3,train
pitted_surface_108.jpg,pitted_surface,3,3,train
pitted_surface_109.jpg,pitted_surface,3,3,train
pitted_surface_11.jpg,pitted_surface,3,0,train
pitted_surface_110.jpg,pitted_surface,3,3,train
pitted_surface_111.jpg,pitted_surface,3,3,train
pitted_surface_112.jpg,pitted_surface,3,3,train
pitted_surface_113.jpg,pitted_surface,3,3,train
pitted_surface_114.jpg,pitted_surface,3,3,train
pitted_surface_115.jpg,pitted_surface,3,3,train
pitted_surface_116.jpg,pitted_surface,3,3,train
pitted_surface_117.jpg,pitted_surface,3,3,train
pitted_surface_118.jpg,pitted_surface,3,3,train
pitted_surface_119.jpg,pitted_surface,3,3,train
pitted_surface_12.jpg,pitted_surface,3,0,train
pitted_surface_120.jpg,pitted_surface,3,3,train
pitted_surface_121.jpg,pitted_surface,3,4,train
pitted_surface_122.jpg,pitted_surface,3,4,train
pitted_surface_123.jpg,pitted_surface,3,4,train
pitted_surface_124.jpg,pitted_surface,3,4,train
pitted_surface_125.jpg,pitted_surface,3,4,train
pitted_surface_126.jpg,pitted_surface,3,4,train
pitted_surface_127.jpg,pitted_surface,3,4,train
pitted_surface_128.jpg,pitted_surface,3,4,train
pitted_surface_129.jpg,pitted_surface,3,4,train
pitted_surface_13.jpg,pitted_surface,3,0,train
pitted_surface_130.jpg,pitted_surface,3,4,train
pitted_surface_131.jpg,pitted_surface,3,4,train
pitted_surface_132.jpg,pitted_surface,3,4,train
pitted_surface_133.jpg,pitted_surface,3,4,train
pitted_surface_134.jpg,pitted_surface,3,4,train
pitted_surface_135.jpg,pitted_surface,3,4,train
pitted_surface_136.jpg,pitted_surface,3,4,train
pitted_surface_137.jpg,pitted_surface,3,4,train
pitted_surface_138.jpg,pitted_surface,3,4,train
pitted_surface_139.jpg,pitted_surface,3,4,train
pitted_surface_14.jpg,pitted_surface,3,0,train
pitted_surface_140.jpg,pitted_surface,3,4,train
pitted_surface_141.jpg,pitted_surface,3,4,train
pitted_surface_142.jpg,pitted_surface,3,4,train
pitted_surface_143.jpg,pitted_surface,3,4,train
pitted_surface_144.jpg,pitted_surface,3,4,train
pitted_surface_145.jpg,pitted_surface,3,4,train
pitted_surface_146.jpg,pitted_surface,3,4,train
pitted_surface_147.jpg,pitted_surface,3,4,train
pitted_surface_148.jpg,pitted_surface,3,4,train
pitted_surface_149.jpg,pitted_surface,3,4,train
pitted_surface_15.jpg,pitted_surface,3,0,train
pitted_surface_150.jpg,pitted_surface,3,4,train
pitted_surface_151.jpg,pitted_surface,3,5,train
pitted_surface_152.jpg,pitted_surface,3,5,train
pitted_surface_153.jpg,pitted_surface,3,5,train
pitted_surface_154.jpg,pitted_surface,3,5,train
pitted_surface_155.jpg,pitted_surface,3,5,train
pitted_surface_156.jpg,pitted_surface,3,5,train
pitted_surface_157.jpg,pitted_surface,3,5,train
pitted_surface_158.jpg,pitted_surface,3,5,train
pitted_surface_159.jpg,pitted_surface,3,5,train
pitted_surface_16.jpg,pitted_surface,3,0,train
pitted_surface_160.jpg,pitted_surface,3,5,train
pitted_surface_161.jpg,pitted_surface,3,5,train
pitted_surface_162.jpg,pitted_surface,3,5,train
pitted_surface_163.jpg,pitted_surface,3,5,train
pitted_surface_164.jpg,pitted_surface,3,5,train
pitted_surface_165.jpg,pitted_surface,3,5,train
pitted_surface_166.jpg,pitted_surface,3,5,train
pitted_surface_167.jpg,pitted_surface,3,5,train
pitted_surface_168.jpg,pitted_surface,3,5,train
pitted_surface_169.jpg,pitted_surface,3,5,train
pitted_surface_17.jpg,pitted_surface,3,0,train
pitted_surface_170.jpg,pitted_surface,3,5,train
pitted_surface_171.jpg,pitted_surface,3,5,train
pitted_surface_172.jpg,pitted_surface,3,5,train
pitted_surface_173.jpg,pitted_surface,3,5,train
pitted_surface_174.jpg,pitted_surface,3,5,train
pitted_surface_175.jpg,pitted_surface,3,5,train
pitted_surface_176.jpg,pitted_surface,3,5,train
pitted_surface_177.jpg,pitted_surface,3,5,train
pitted_surface_178.jpg,pitted_surface,3,5,train
pitted_surface_179.jpg,pitted_surface,3,5,train
pitted_surface_18.jpg,pitted_surface,3,0,train
pitted_surface_180.jpg,pitted_surface,3,5,train
pitted_surface_181.jpg,pitted_surface,3,6,test
pitted_surface_182.jpg,pitted_surface,3,6,test
pitted_surface_183.jpg,pitted_surface,3,6,test
pitted_surface_184.jpg,pitted_surface,3,6,test
pitted_surface_185.jpg,pitted_surface,3,6,test
pitted_surface_186.jpg,pitted_surface,3,6,test
pitted_surface_187.jpg,pitted_surface,3,6,test
pitted_surface_188.jpg,pitted_surface,3,6,test
pitted_surface_189.jpg,pitted_surface,3,6,test
pitted_surface_19.jpg,pitted_surface,3,0,train
pitted_surface_190.jpg,pitted_surface,3,6,test
pitted_surface_191.jpg,pitted_surface,3,6,test
pitted_surface_192.jpg,pitted_surface,3,6,test
pitted_surface_193.jpg,pitted_surface,3,6,test
pitted_surface_194.jpg,pitted_surface,3,6,test
pitted_surface_195.jpg,pitted_surface,3,6,test
pitted_surface_196.jpg,pitted_surface,3,6,test
pitted_surface_197.jpg,pitted_surface,3,6,test
pitted_surface_198.jpg,pitted_surface,3,6,test
pitted_surface_199.jpg,pitted_surface,3,6,test
pitted_surface_2.jpg,pitted_surface,3,0,train
pitted_surface_20.jpg,pitted_surface,3,0,train
pitted_surface_200.jpg,pitted_surface,3,6,test
pitted_surface_201.jpg,pitted_surface,3,6,test
pitted_surface_202.jpg,pitted_surface,3,6,test
pitted_surface_203.jpg,pitted_surface,3,6,test
pitted_surface_204.jpg,pitted_surface,3,6,test
pitted_surface_205.jpg,pitted_surface,3,6,test
pitted_surface_206.jpg,pitted_surface,3,6,test
pitted_surface_207.jpg,pitted_surface,3,6,test
pitted_surface_208.jpg,pitted_surface,3,6,test
pitted_surface_209.jpg,pitted_surface,3,6,test
pitted_surface_21.jpg,pitted_surface,3,0,train
pitted_surface_210.jpg,pitted_surface,3,6,test
pitted_surface_211.jpg,pitted_surface,3,7,val
pitted_surface_212.jpg,pitted_surface,3,7,val
pitted_surface_213.jpg,pitted_surface,3,7,val
pitted_surface_214.jpg,pitted_surface,3,7,val
pitted_surface_215.jpg,pitted_surface,3,7,val
pitted_surface_216.jpg,pitted_surface,3,7,val
pitted_surface_217.jpg,pitted_surface,3,7,val
pitted_surface_218.jpg,pitted_surface,3,7,val
pitted_surface_219.jpg,pitted_surface,3,7,val
pitted_surface_22.jpg,pitted_surface,3,0,train
pitted_surface_220.jpg,pitted_surface,3,7,val
pitted_surface_221.jpg,pitted_surface,3,7,val
pitted_surface_222.jpg,pitted_surface,3,7,val
pitted_surface_223.jpg,pitted_surface,3,7,val
pitted_surface_224.jpg,pitted_surface,3,7,val
pitted_surface_225.jpg,pitted_surface,3,7,val
pitted_surface_226.jpg,pitted_surface,3,7,val
pitted_surface_227.jpg,pitted_surface,3,7,val
pitted_surface_228.jpg,pitted_surface,3,7,val
pitted_surface_229.jpg,pitted_surface,3,7,val
pitted_surface_23.jpg,pitted_surface,3,0,train
pitted_surface_230.jpg,pitted_surface,3,7,val
pitted_surface_231.jpg,pitted_surface,3,7,val
pitted_surface_232.jpg,pitted_surface,3,7,val
pitted_surface_233.jpg,pitted_surface,3,7,val
pitted_surface_234.jpg,pitted_surface,3,7,val
pitted_surface_235.jpg,pitted_surface,3,7,val
pitted_surface_236.jpg,pitted_surface,3,7,val
pitted_surface_237.jpg,pitted_surface,3,7,val
pitted_surface_238.jpg,pitted_surface,3,7,val
pitted_surface_239.jpg,pitted_surface,3,7,val
pitted_surface_24.jpg,pitted_surface,3,0,train
pitted_surface_240.jpg,pitted_surface,3,7,val
pitted_surface_241.jpg,pitted_surface,3,8,train
pitted_surface_242.jpg,pitted_surface,3,8,train
pitted_surface_243.jpg,pitted_surface,3,8,train
pitted_surface_244.jpg,pitted_surface,3,8,train
pitted_surface_245.jpg,pitted_surface,3,8,train
pitted_surface_246.jpg,pitted_surface,3,8,train
pitted_surface_247.jpg,pitted_surface,3,8,train
pitted_surface_248.jpg,pitted_surface,3,8,train
pitted_surface_249.jpg,pitted_surface,3,8,train
pitted_surface_25.jpg,pitted_surface,3,0,train
pitted_surface_250.jpg,pitted_surface,3,8,train
pitted_surface_251.jpg,pitted_surface,3,8,train
pitted_surface_252.jpg,pitted_surface,3,8,train
pitted_surface_253.jpg,pitted_surface,3,8,train
pitted_surface_254.jpg,pitted_surface,3,8,train
pitted_surface_255.jpg,pitted_surface,3,8,train
pitted_surface_256.jpg,pitted_surface,3,8,train
pitted_surface_257.jpg,pitted_surface,3,8,train
pitted_surface_258.jpg,pitted_surface,3,8,train
pitted_surface_259.jpg,pitted_surface,3,8,train
pitted_surface_26.jpg,pitted_surface,3,0,train
pitted_surface_260.jpg,pitted_surface,3,8,train
pitted_surface_261.jpg,pitted_surface,3,8,train
pitted_surface_262.jpg,pitted_surface,3,8,train
pitted_surface_263.jpg,pitted_surface,3,8,train
pitted_surface_264.jpg,pitted_surface,3,8,train
pitted_surface_265.jpg,pitted_surface,3,8,train
pitted_surface_266.jpg,pitted_surface,3,8,train
pitted_surface_267.jpg,pitted_surface,3,8,train
pitted_surface_268.jpg,pitted_surface,3,8,train
pitted_surface_269.jpg,pitted_surface,3,8,train
pitted_surface_27.jpg,pitted_surface,3,0,train
pitted_surface_270.jpg,pitted_surface,3,8,train
pitted_surface_271.jpg,pitted_surface,3,9,train
pitted_surface_272.jpg,pitted_surface,3,9,train
pitted_surface_273.jpg,pitted_surface,3,9,train
pitted_surface_274.jpg,pitted_surface,3,9,train
pitted_surface_275.jpg,pitted_surface,3,9,train
pitted_surface_276.jpg,pitted_surface,3,9,train
pitted_surface_277.jpg,pitted_surface,3,9,train
pitted_surface_278.jpg,pitted_surface,3,9,train
pitted_surface_279.jpg,pitted_surface,3,9,train
pitted_surface_28.jpg,pitted_surface,3,0,train
pitted_surface_280.jpg,pitted_surface,3,9,train
pitted_surface_281.jpg,pitted_surface,3,9,train
pitted_surface_282.jpg,pitted_surface,3,9,train
pitted_surface_283.jpg,pitted_surface,3,9,train
pitted_surface_284.jpg,pitted_surface,3,9,train
pitted_surface_285.jpg,pitted_surface,3,9,train
pitted_surface_286.jpg,pitted_surface,3,9,train
pitted_surface_287.jpg,pitted_surface,3,9,train
pitted_surface_288.jpg,pitted_surface,3,9,train
pitted_surface_289.jpg,pitted_surface,3,9,train
pitted_surface_29.jpg,pitted_surface,3,0,train
pitted_surface_290.jpg,pitted_surface,3,9,train
pitted_surface_291.jpg,pitted_surface,3,9,train
pitted_surface_292.jpg,pitted_surface,3,9,train
pitted_surface_293.jpg,pitted_surface,3,9,train
pitted_surface_294.jpg,pitted_surface,3,9,train
pitted_surface_295.jpg,pitted_surface,3,9,train
pitted_surface_296.jpg,pitted_surface,3,9,train
pitted_surface_297.jpg,pitted_surface,3,9,train
pitted_surface_298.jpg,pitted_surface,3,9,train
pitted_surface_299.jpg,pitted_surface,3,9,train
pitted_surface_3.jpg,pitted_surface,3,0,train
pitted_surface_30.jpg,pitted_surface,3,0,train
pitted_surface_300.jpg,pitted_surface,3,9,train
pitted_surface_31.jpg,pitted_surface,3,1,test
pitted_surface_32.jpg,pitted_surface,3,1,test
pitted_surface_33.jpg,pitted_surface,3,1,test
pitted_surface_34.jpg,pitted_surface,3,1,test
pitted_surface_35.jpg,pitted_surface,3,1,test
pitted_surface_36.jpg,pitted_surface,3,1,test
pitted_surface_37.jpg,pitted_surface,3,1,test
pitted_surface_38.jpg,pitted_surface,3,1,test
pitted_surface_39.jpg,pitted_surface,3,1,test
pitted_surface_4.jpg,pitted_surface,3,0,train
pitted_surface_40.jpg,pitted_surface,3,1,test
pitted_surface_41.jpg,pitted_surface,3,1,test
pitted_surface_42.jpg,pitted_surface,3,1,test
pitted_surface_43.jpg,pitted_surface,3,1,test
pitted_surface_44.jpg,pitted_surface,3,1,test
pitted_surface_45.jpg,pitted_surface,3,1,test
pitted_surface_46.jpg,pitted_surface,3,1,test
pitted_surface_47.jpg,pitted_surface,3,1,test
pitted_surface_48.jpg,pitted_surface,3,1,test
pitted_surface_49.jpg,pitted_surface,3,1,test
pitted_surface_5.jpg,pitted_surface,3,0,train
pitted_surface_50.jpg,pitted_surface,3,1,test
pitted_surface_51.jpg,pitted_surface,3,1,test
pitted_surface_52.jpg,pitted_surface,3,1,test
pitted_surface_53.jpg,pitted_surface,3,1,test
pitted_surface_54.jpg,pitted_surface,3,1,test
pitted_surface_55.jpg,pitted_surface,3,1,test
pitted_surface_56.jpg,pitted_surface,3,1,test
pitted_surface_57.jpg,pitted_surface,3,1,test
pitted_surface_58.jpg,pitted_surface,3,1,test
pitted_surface_59.jpg,pitted_surface,3,1,test
pitted_surface_6.jpg,pitted_surface,3,0,train
pitted_surface_60.jpg,pitted_surface,3,1,test
pitted_surface_61.jpg,pitted_surface,3,2,val
pitted_surface_62.jpg,pitted_surface,3,2,val
pitted_surface_63.jpg,pitted_surface,3,2,val
pitted_surface_64.jpg,pitted_surface,3,2,val
pitted_surface_65.jpg,pitted_surface,3,2,val
pitted_surface_66.jpg,pitted_surface,3,2,val
pitted_surface_67.jpg,pitted_surface,3,2,val
pitted_surface_68.jpg,pitted_surface,3,2,val
pitted_surface_69.jpg,pitted_surface,3,2,val
pitted_surface_7.jpg,pitted_surface,3,0,train
pitted_surface_70.jpg,pitted_surface,3,2,val
pitted_surface_71.jpg,pitted_surface,3,2,val
pitted_surface_72.jpg,pitted_surface,3,2,val
pitted_surface_73.jpg,pitted_surface,3,2,val
pitted_surface_74.jpg,pitted_surface,3,2,val
pitted_surface_75.jpg,pitted_surface,3,2,val
pitted_surface_76.jpg,pitted_surface,3,2,val
pitted_surface_77.jpg,pitted_surface,3,2,val
pitted_surface_78.jpg,pitted_surface,3,2,val
pitted_surface_79.jpg,pitted_surface,3,2,val
pitted_surface_8.jpg,pitted_surface,3,0,train
pitted_surface_80.jpg,pitted_surface,3,2,val
pitted_surface_81.jpg,pitted_surface,3,2,val
pitted_surface_82.jpg,pitted_surface,3,2,val
pitted_surface_83.jpg,pitted_surface,3,2,val
pitted_surface_84.jpg,pitted_surface,3,2,val
pitted_surface_85.jpg,pitted_surface,3,2,val
pitted_surface_86.jpg,pitted_surface,3,2,val
pitted_surface_87.jpg,pitted_surface,3,2,val
pitted_surface_88.jpg,pitted_surface,3,2,val
pitted_surface_89.jpg,pitted_surface,3,2,val
pitted_surface_9.jpg,pitted_surface,3,0,train
pitted_surface_90.jpg,pitted_surface,3,2,val
pitted_surface_91.jpg,pitted_surface,3,3,train
pitted_surface_92.jpg,pitted_surface,3,3,train
pitted_surface_93.jpg,pitted_surface,3,3,train
pitted_surface_94.jpg,pitted_surface,3,3,train
pitted_surface_95.jpg,pitted_surface,3,3,train
pitted_surface_96.jpg,pitted_surface,3,3,train
pitted_surface_97.jpg,pitted_surface,3,3,train
pitted_surface_98.jpg,pitted_surface,3,3,train
pitted_surface_99.jpg,pitted_surface,3,3,train
rolled-in_scale_1.jpg,rolled-in_scale,4,0,train
rolled-in_scale_10.jpg,rolled-in_scale,4,0,train
rolled-in_scale_100.jpg,rolled-in_scale,4,3,test
rolled-in_scale_101.jpg,rolled-in_scale,4,3,test
rolled-in_scale_102.jpg,rolled-in_scale,4,3,test
rolled-in_scale_103.jpg,rolled-in_scale,4,3,test
rolled-in_scale_104.jpg,rolled-in_scale,4,3,test
rolled-in_scale_105.jpg,rolled-in_scale,4,3,test
rolled-in_scale_106.jpg,rolled-in_scale,4,3,test
rolled-in_scale_107.jpg,rolled-in_scale,4,3,test
rolled-in_scale_108.jpg,rolled-in_scale,4,3,test
rolled-in_scale_109.jpg,rolled-in_scale,4,3,test
rolled-in_scale_11.jpg,rolled-in_scale,4,0,train
rolled-in_scale_110.jpg,rolled-in_scale,4,3,test
rolled-in_scale_111.jpg,rolled-in_scale,4,3,test
rolled-in_scale_112.jpg,rolled-in_scale,4,3,test
rolled-in_scale_113.jpg,rolled-in_scale,4,3,test
rolled-in_scale_114.jpg,rolled-in_scale,4,3,test
rolled-in_scale_115.jpg,rolled-in_scale,4,3,test
rolled-in_scale_116.jpg,rolled-in_scale,4,3,test
rolled-in_scale_117.jpg,rolled-in_scale,4,3,test
rolled-in_scale_118.jpg,rolled-in_scale,4,3,test
rolled-in_scale_119.jpg,rolled-in_scale,4,3,test
rolled-in_scale_12.jpg,rolled-in_scale,4,0,train
rolled-in_scale_120.jpg,rolled-in_scale,4,3,test
rolled-in_scale_121.jpg,rolled-in_scale,4,4,train
rolled-in_scale_122.jpg,rolled-in_scale,4,4,train
rolled-in_scale_123.jpg,rolled-in_scale,4,4,train
rolled-in_scale_124.jpg,rolled-in_scale,4,4,train
rolled-in_scale_125.jpg,rolled-in_scale,4,4,train
rolled-in_scale_126.jpg,rolled-in_scale,4,4,train
rolled-in_scale_127.jpg,rolled-in_scale,4,4,train
rolled-in_scale_128.jpg,rolled-in_scale,4,4,train
rolled-in_scale_129.jpg,rolled-in_scale,4,4,train
rolled-in_scale_13.jpg,rolled-in_scale,4,0,train
rolled-in_scale_130.jpg,rolled-in_scale,4,4,train
rolled-in_scale_131.jpg,rolled-in_scale,4,4,train
rolled-in_scale_132.jpg,rolled-in_scale,4,4,train
rolled-in_scale_133.jpg,rolled-in_scale,4,4,train
rolled-in_scale_134.jpg,rolled-in_scale,4,4,train
rolled-in_scale_135.jpg,rolled-in_scale,4,4,train
rolled-in_scale_136.jpg,rolled-in_scale,4,4,train
rolled-in_scale_137.jpg,rolled-in_scale,4,4,train
rolled-in_scale_138.jpg,rolled-in_scale,4,4,train
rolled-in_scale_139.jpg,rolled-in_scale,4,4,train
rolled-in_scale_14.jpg,rolled-in_scale,4,0,train
rolled-in_scale_140.jpg,rolled-in_scale,4,4,train
rolled-in_scale_141.jpg,rolled-in_scale,4,4,train
rolled-in_scale_142.jpg,rolled-in_scale,4,4,train
rolled-in_scale_143.jpg,rolled-in_scale,4,4,train
rolled-in_scale_144.jpg,rolled-in_scale,4,4,train
rolled-in_scale_145.jpg,rolled-in_scale,4,4,train
rolled-in_scale_146.jpg,rolled-in_scale,4,4,train
rolled-in_scale_147.jpg,rolled-in_scale,4,4,train
rolled-in_scale_148.jpg,rolled-in_scale,4,4,train
rolled-in_scale_149.jpg,rolled-in_scale,4,4,train
rolled-in_scale_15.jpg,rolled-in_scale,4,0,train
rolled-in_scale_150.jpg,rolled-in_scale,4,4,train
rolled-in_scale_151.jpg,rolled-in_scale,4,5,val
rolled-in_scale_152.jpg,rolled-in_scale,4,5,val
rolled-in_scale_153.jpg,rolled-in_scale,4,5,val
rolled-in_scale_154.jpg,rolled-in_scale,4,5,val
rolled-in_scale_155.jpg,rolled-in_scale,4,5,val
rolled-in_scale_156.jpg,rolled-in_scale,4,5,val
rolled-in_scale_157.jpg,rolled-in_scale,4,5,val
rolled-in_scale_158.jpg,rolled-in_scale,4,5,val
rolled-in_scale_159.jpg,rolled-in_scale,4,5,val
rolled-in_scale_16.jpg,rolled-in_scale,4,0,train
rolled-in_scale_160.jpg,rolled-in_scale,4,5,val
rolled-in_scale_161.jpg,rolled-in_scale,4,5,val
rolled-in_scale_162.jpg,rolled-in_scale,4,5,val
rolled-in_scale_163.jpg,rolled-in_scale,4,5,val
rolled-in_scale_164.jpg,rolled-in_scale,4,5,val
rolled-in_scale_165.jpg,rolled-in_scale,4,5,val
rolled-in_scale_166.jpg,rolled-in_scale,4,5,val
rolled-in_scale_167.jpg,rolled-in_scale,4,5,val
rolled-in_scale_168.jpg,rolled-in_scale,4,5,val
rolled-in_scale_169.jpg,rolled-in_scale,4,5,val
rolled-in_scale_17.jpg,rolled-in_scale,4,0,train
rolled-in_scale_170.jpg,rolled-in_scale,4,5,val
rolled-in_scale_171.jpg,rolled-in_scale,4,5,val
rolled-in_scale_172.jpg,rolled-in_scale,4,5,val
rolled-in_scale_173.jpg,rolled-in_scale,4,5,val
rolled-in_scale_174.jpg,rolled-in_scale,4,5,val
rolled-in_scale_175.jpg,rolled-in_scale,4,5,val
rolled-in_scale_176.jpg,rolled-in_scale,4,5,val
rolled-in_scale_177.jpg,rolled-in_scale,4,5,val
rolled-in_scale_178.jpg,rolled-in_scale,4,5,val
rolled-in_scale_179.jpg,rolled-in_scale,4,5,val
rolled-in_scale_18.jpg,rolled-in_scale,4,0,train
rolled-in_scale_180.jpg,rolled-in_scale,4,5,val
rolled-in_scale_181.jpg,rolled-in_scale,4,6,val
rolled-in_scale_182.jpg,rolled-in_scale,4,6,val
rolled-in_scale_183.jpg,rolled-in_scale,4,6,val
rolled-in_scale_184.jpg,rolled-in_scale,4,6,val
rolled-in_scale_185.jpg,rolled-in_scale,4,6,val
rolled-in_scale_186.jpg,rolled-in_scale,4,6,val
rolled-in_scale_187.jpg,rolled-in_scale,4,6,val
rolled-in_scale_188.jpg,rolled-in_scale,4,6,val
rolled-in_scale_189.jpg,rolled-in_scale,4,6,val
rolled-in_scale_19.jpg,rolled-in_scale,4,0,train
rolled-in_scale_190.jpg,rolled-in_scale,4,6,val
rolled-in_scale_191.jpg,rolled-in_scale,4,6,val
rolled-in_scale_192.jpg,rolled-in_scale,4,6,val
rolled-in_scale_193.jpg,rolled-in_scale,4,6,val
rolled-in_scale_194.jpg,rolled-in_scale,4,6,val
rolled-in_scale_195.jpg,rolled-in_scale,4,6,val
rolled-in_scale_196.jpg,rolled-in_scale,4,6,val
rolled-in_scale_197.jpg,rolled-in_scale,4,6,val
rolled-in_scale_198.jpg,rolled-in_scale,4,6,val
rolled-in_scale_199.jpg,rolled-in_scale,4,6,val
rolled-in_scale_2.jpg,rolled-in_scale,4,0,train
rolled-in_scale_20.jpg,rolled-in_scale,4,0,train
rolled-in_scale_200.jpg,rolled-in_scale,4,6,val
rolled-in_scale_201.jpg,rolled-in_scale,4,6,val
rolled-in_scale_202.jpg,rolled-in_scale,4,6,val
rolled-in_scale_203.jpg,rolled-in_scale,4,6,val
rolled-in_scale_204.jpg,rolled-in_scale,4,6,val
rolled-in_scale_205.jpg,rolled-in_scale,4,6,val
rolled-in_scale_206.jpg,rolled-in_scale,4,6,val
rolled-in_scale_207.jpg,rolled-in_scale,4,6,val
rolled-in_scale_208.jpg,rolled-in_scale,4,6,val
rolled-in_scale_209.jpg,rolled-in_scale,4,6,val
rolled-in_scale_21.jpg,rolled-in_scale,4,0,train
rolled-in_scale_210.jpg,rolled-in_scale,4,6,val
rolled-in_scale_211.jpg,rolled-in_scale,4,7,train
rolled-in_scale_212.jpg,rolled-in_scale,4,7,train
rolled-in_scale_213.jpg,rolled-in_scale,4,7,train
rolled-in_scale_214.jpg,rolled-in_scale,4,7,train
rolled-in_scale_215.jpg,rolled-in_scale,4,7,train
rolled-in_scale_216.jpg,rolled-in_scale,4,7,train
rolled-in_scale_217.jpg,rolled-in_scale,4,7,train
rolled-in_scale_218.jpg,rolled-in_scale,4,7,train
rolled-in_scale_219.jpg,rolled-in_scale,4,7,train
rolled-in_scale_22.jpg,rolled-in_scale,4,0,train
rolled-in_scale_220.jpg,rolled-in_scale,4,7,train
rolled-in_scale_221.jpg,rolled-in_scale,4,7,train
rolled-in_scale_222.jpg,rolled-in_scale,4,7,train
rolled-in_scale_223.jpg,rolled-in_scale,4,7,train
rolled-in_scale_224.jpg,rolled-in_scale,4,7,train
rolled-in_scale_225.jpg,rolled-in_scale,4,7,train
rolled-in_scale_226.jpg,rolled-in_scale,4,7,train
rolled-in_scale_227.jpg,rolled-in_scale,4,7,train
rolled-in_scale_228.jpg,rolled-in_scale,4,7,train
rolled-in_scale_229.jpg,rolled-in_scale,4,7,train
rolled-in_scale_23.jpg,rolled-in_scale,4,0,train
rolled-in_scale_230.jpg,rolled-in_scale,4,7,train
rolled-in_scale_231.jpg,rolled-in_scale,4,7,train
rolled-in_scale_232.jpg,rolled-in_scale,4,7,train
rolled-in_scale_233.jpg,rolled-in_scale,4,7,train
rolled-in_scale_234.jpg,rolled-in_scale,4,7,train
rolled-in_scale_235.jpg,rolled-in_scale,4,7,train
rolled-in_scale_236.jpg,rolled-in_scale,4,7,train
rolled-in_scale_237.jpg,rolled-in_scale,4,7,train
rolled-in_scale_238.jpg,rolled-in_scale,4,7,train
rolled-in_scale_239.jpg,rolled-in_scale,4,7,train
rolled-in_scale_24.jpg,rolled-in_scale,4,0,train
rolled-in_scale_240.jpg,rolled-in_scale,4,7,train
rolled-in_scale_241.jpg,rolled-in_scale,4,8,train
rolled-in_scale_242.jpg,rolled-in_scale,4,8,train
rolled-in_scale_243.jpg,rolled-in_scale,4,8,train
rolled-in_scale_244.jpg,rolled-in_scale,4,8,train
rolled-in_scale_245.jpg,rolled-in_scale,4,8,train
rolled-in_scale_246.jpg,rolled-in_scale,4,8,train
rolled-in_scale_247.jpg,rolled-in_scale,4,8,train
rolled-in_scale_248.jpg,rolled-in_scale,4,8,train
rolled-in_scale_249.jpg,rolled-in_scale,4,8,train
rolled-in_scale_25.jpg,rolled-in_scale,4,0,train
rolled-in_scale_250.jpg,rolled-in_scale,4,8,train
rolled-in_scale_251.jpg,rolled-in_scale,4,8,train
rolled-in_scale_252.jpg,rolled-in_scale,4,8,train
rolled-in_scale_253.jpg,rolled-in_scale,4,8,train
rolled-in_scale_254.jpg,rolled-in_scale,4,8,train
rolled-in_scale_255.jpg,rolled-in_scale,4,8,train
rolled-in_scale_256.jpg,rolled-in_scale,4,8,train
rolled-in_scale_257.jpg,rolled-in_scale,4,8,train
rolled-in_scale_258.jpg,rolled-in_scale,4,8,train
rolled-in_scale_259.jpg,rolled-in_scale,4,8,train
rolled-in_scale_26.jpg,rolled-in_scale,4,0,train
rolled-in_scale_260.jpg,rolled-in_scale,4,8,train
rolled-in_scale_261.jpg,rolled-in_scale,4,8,train
rolled-in_scale_262.jpg,rolled-in_scale,4,8,train
rolled-in_scale_263.jpg,rolled-in_scale,4,8,train
rolled-in_scale_264.jpg,rolled-in_scale,4,8,train
rolled-in_scale_265.jpg,rolled-in_scale,4,8,train
rolled-in_scale_266.jpg,rolled-in_scale,4,8,train
rolled-in_scale_267.jpg,rolled-in_scale,4,8,train
rolled-in_scale_268.jpg,rolled-in_scale,4,8,train
rolled-in_scale_269.jpg,rolled-in_scale,4,8,train
rolled-in_scale_27.jpg,rolled-in_scale,4,0,train
rolled-in_scale_270.jpg,rolled-in_scale,4,8,train
rolled-in_scale_271.jpg,rolled-in_scale,4,9,train
rolled-in_scale_272.jpg,rolled-in_scale,4,9,train
rolled-in_scale_273.jpg,rolled-in_scale,4,9,train
rolled-in_scale_274.jpg,rolled-in_scale,4,9,train
rolled-in_scale_275.jpg,rolled-in_scale,4,9,train
rolled-in_scale_276.jpg,rolled-in_scale,4,9,train
rolled-in_scale_277.jpg,rolled-in_scale,4,9,train
rolled-in_scale_278.jpg,rolled-in_scale,4,9,train
rolled-in_scale_279.jpg,rolled-in_scale,4,9,train
rolled-in_scale_28.jpg,rolled-in_scale,4,0,train
rolled-in_scale_280.jpg,rolled-in_scale,4,9,train
rolled-in_scale_281.jpg,rolled-in_scale,4,9,train
rolled-in_scale_282.jpg,rolled-in_scale,4,9,train
rolled-in_scale_283.jpg,rolled-in_scale,4,9,train
rolled-in_scale_284.jpg,rolled-in_scale,4,9,train
rolled-in_scale_285.jpg,rolled-in_scale,4,9,train
rolled-in_scale_286.jpg,rolled-in_scale,4,9,train
rolled-in_scale_287.jpg,rolled-in_scale,4,9,train
rolled-in_scale_288.jpg,rolled-in_scale,4,9,train
rolled-in_scale_289.jpg,rolled-in_scale,4,9,train
rolled-in_scale_29.jpg,rolled-in_scale,4,0,train
rolled-in_scale_290.jpg,rolled-in_scale,4,9,train
rolled-in_scale_291.jpg,rolled-in_scale,4,9,train
rolled-in_scale_292.jpg,rolled-in_scale,4,9,train
rolled-in_scale_293.jpg,rolled-in_scale,4,9,train
rolled-in_scale_294.jpg,rolled-in_scale,4,9,train
rolled-in_scale_295.jpg,rolled-in_scale,4,9,train
rolled-in_scale_296.jpg,rolled-in_scale,4,9,train
rolled-in_scale_297.jpg,rolled-in_scale,4,9,train
rolled-in_scale_298.jpg,rolled-in_scale,4,9,train
rolled-in_scale_299.jpg,rolled-in_scale,4,9,train
rolled-in_scale_3.jpg,rolled-in_scale,4,0,train
rolled-in_scale_30.jpg,rolled-in_scale,4,0,train
rolled-in_scale_300.jpg,rolled-in_scale,4,9,train
rolled-in_scale_31.jpg,rolled-in_scale,4,1,train
rolled-in_scale_32.jpg,rolled-in_scale,4,1,train
rolled-in_scale_33.jpg,rolled-in_scale,4,1,train
rolled-in_scale_34.jpg,rolled-in_scale,4,1,train
rolled-in_scale_35.jpg,rolled-in_scale,4,1,train
rolled-in_scale_36.jpg,rolled-in_scale,4,1,train
rolled-in_scale_37.jpg,rolled-in_scale,4,1,train
rolled-in_scale_38.jpg,rolled-in_scale,4,1,train
rolled-in_scale_39.jpg,rolled-in_scale,4,1,train
rolled-in_scale_4.jpg,rolled-in_scale,4,0,train
rolled-in_scale_40.jpg,rolled-in_scale,4,1,train
rolled-in_scale_41.jpg,rolled-in_scale,4,1,train
rolled-in_scale_42.jpg,rolled-in_scale,4,1,train
rolled-in_scale_43.jpg,rolled-in_scale,4,1,train
rolled-in_scale_44.jpg,rolled-in_scale,4,1,train
rolled-in_scale_45.jpg,rolled-in_scale,4,1,train
rolled-in_scale_46.jpg,rolled-in_scale,4,1,train
rolled-in_scale_47.jpg,rolled-in_scale,4,1,train
rolled-in_scale_48.jpg,rolled-in_scale,4,1,train
rolled-in_scale_49.jpg,rolled-in_scale,4,1,train
rolled-in_scale_5.jpg,rolled-in_scale,4,0,train
rolled-in_scale_50.jpg,rolled-in_scale,4,1,train
rolled-in_scale_51.jpg,rolled-in_scale,4,1,train
rolled-in_scale_52.jpg,rolled-in_scale,4,1,train
rolled-in_scale_53.jpg,rolled-in_scale,4,1,train
rolled-in_scale_54.jpg,rolled-in_scale,4,1,train
rolled-in_scale_55.jpg,rolled-in_scale,4,1,train
rolled-in_scale_56.jpg,rolled-in_scale,4,1,train
rolled-in_scale_57.jpg,rolled-in_scale,4,1,train
rolled-in_scale_58.jpg,rolled-in_scale,4,1,train
rolled-in_scale_59.jpg,rolled-in_scale,4,1,train
rolled-in_scale_6.jpg,rolled-in_scale,4,0,train
rolled-in_scale_60.jpg,rolled-in_scale,4,1,train
rolled-in_scale_61.jpg,rolled-in_scale,4,2,test
rolled-in_scale_62.jpg,rolled-in_scale,4,2,test
rolled-in_scale_63.jpg,rolled-in_scale,4,2,test
rolled-in_scale_64.jpg,rolled-in_scale,4,2,test
rolled-in_scale_65.jpg,rolled-in_scale,4,2,test
rolled-in_scale_66.jpg,rolled-in_scale,4,2,test
rolled-in_scale_67.jpg,rolled-in_scale,4,2,test
rolled-in_scale_68.jpg,rolled-in_scale,4,2,test
rolled-in_scale_69.jpg,rolled-in_scale,4,2,test
rolled-in_scale_7.jpg,rolled-in_scale,4,0,train
rolled-in_scale_70.jpg,rolled-in_scale,4,2,test
rolled-in_scale_71.jpg,rolled-in_scale,4,2,test
rolled-in_scale_72.jpg,rolled-in_scale,4,2,test
rolled-in_scale_73.jpg,rolled-in_scale,4,2,test
rolled-in_scale_74.jpg,rolled-in_scale,4,2,test
rolled-in_scale_75.jpg,rolled-in_scale,4,2,test
rolled-in_scale_76.jpg,rolled-in_scale,4,2,test
rolled-in_scale_77.jpg,rolled-in_scale,4,2,test
rolled-in_scale_78.jpg,rolled-in_scale,4,2,test
rolled-in_scale_79.jpg,rolled-in_scale,4,2,test
rolled-in_scale_8.jpg,rolled-in_scale,4,0,train
rolled-in_scale_80.jpg,rolled-in_scale,4,2,test
rolled-in_scale_81.jpg,rolled-in_scale,4,2,test
rolled-in_scale_82.jpg,rolled-in_scale,4,2,test
rolled-in_scale_83.jpg,rolled-in_scale,4,2,test
rolled-in_scale_84.jpg,rolled-in_scale,4,2,test
rolled-in_scale_85.jpg,rolled-in_scale,4,2,test
rolled-in_scale_86.jpg,rolled-in_scale,4,2,test
rolled-in_scale_87.jpg,rolled-in_scale,4,2,test
rolled-in_scale_88.jpg,rolled-in_scale,4,2,test
rolled-in_scale_89.jpg,rolled-in_scale,4,2,test
rolled-in_scale_9.jpg,rolled-in_scale,4,0,train
rolled-in_scale_90.jpg,rolled-in_scale,4,2,test
rolled-in_scale_91.jpg,rolled-in_scale,4,3,test
rolled-in_scale_92.jpg,rolled-in_scale,4,3,test
rolled-in_scale_93.jpg,rolled-in_scale,4,3,test
rolled-in_scale_94.jpg,rolled-in_scale,4,3,test
rolled-in_scale_95.jpg,rolled-in_scale,4,3,test
rolled-in_scale_96.jpg,rolled-in_scale,4,3,test
rolled-in_scale_97.jpg,rolled-in_scale,4,3,test
rolled-in_scale_98.jpg,rolled-in_scale,4,3,test
rolled-in_scale_99.jpg,rolled-in_scale,4,3,test
scratches_1.jpg,scratches,5,0,test
scratches_10.jpg,scratches,5,0,test
scratches_100.jpg,scratches,5,3,train
scratches_101.jpg,scratches,5,3,train
scratches_102.jpg,scratches,5,3,train
scratches_103.jpg,scratches,5,3,train
scratches_104.jpg,scratches,5,3,train
scratches_105.jpg,scratches,5,3,train
scratches_106.jpg,scratches,5,3,train
scratches_107.jpg,scratches,5,3,train
scratches_108.jpg,scratches,5,3,train
scratches_109.jpg,scratches,5,3,train
scratches_11.jpg,scratches,5,0,test
scratches_110.jpg,scratches,5,3,train
scratches_111.jpg,scratches,5,3,train
scratches_112.jpg,scratches,5,3,train
scratches_113.jpg,scratches,5,3,train
scratches_114.jpg,scratches,5,3,train
scratches_115.jpg,scratches,5,3,train
scratches_116.jpg,scratches,5,3,train
scratches_117.jpg,scratches,5,3,train
scratches_118.jpg,scratches,5,3,train
scratches_119.jpg,scratches,5,3,train
scratches_12.jpg,scratches,5,0,test
scratches_120.jpg,scratches,5,3,train
scratches_121.jpg,scratches,5,4,train
scratches_122.jpg,scratches,5,4,train
scratches_123.jpg,scratches,5,4,train
scratches_124.jpg,scratches,5,4,train
scratches_125.jpg,scratches,5,4,train
scratches_126.jpg,scratches,5,4,train
scratches_127.jpg,scratches,5,4,train
scratches_128.jpg,scratches,5,4,train
scratches_129.jpg,scratches,5,4,train
scratches_13.jpg,scratches,5,0,test
scratches_130.jpg,scratches,5,4,train
scratches_131.jpg,scratches,5,4,train
scratches_132.jpg,scratches,5,4,train
scratches_133.jpg,scratches,5,4,train
scratches_134.jpg,scratches,5,4,train
scratches_135.jpg,scratches,5,4,train
scratches_136.jpg,scratches,5,4,train
scratches_137.jpg,scratches,5,4,train
scratches_138.jpg,scratches,5,4,train
scratches_139.jpg,scratches,5,4,train
scratches_14.jpg,scratches,5,0,test
scratches_140.jpg,scratches,5,4,train
scratches_141.jpg,scratches,5,4,train
scratches_142.jpg,scratches,5,4,train
scratches_143.jpg,scratches,5,4,train
scratches_144.jpg,scratches,5,4,train
scratches_145.jpg,scratches,5,4,train
scratches_146.jpg,scratches,5,4,train
scratches_147.jpg,scratches,5,4,train
scratches_148.jpg,scratches,5,4,train
scratches_149.jpg,scratches,5,4,train
scratches_15.jpg,scratches,5,0,test
scratches_150.jpg,scratches,5,4,train
scratches_151.jpg,scratches,5,5,test
scratches_152.jpg,scratches,5,5,test
scratches_153.jpg,scratches,5,5,test
scratches_154.jpg,scratches,5,5,test
scratches_155.jpg,scratches,5,5,test
scratches_156.jpg,scratches,5,5,test
scratches_157.jpg,scratches,5,5,test
scratches_158.jpg,scratches,5,5,test
scratches_159.jpg,scratches,5,5,test
scratches_16.jpg,scratches,5,0,test
scratches_160.jpg,scratches,5,5,test
scratches_161.jpg,scratches,5,5,test
scratches_162.jpg,scratches,5,5,test
scratches_163.jpg,scratches,5,5,test
scratches_164.jpg,scratches,5,5,test
scratches_165.jpg,scratches,5,5,test
scratches_166.jpg,scratches,5,5,test
scratches_167.jpg,scratches,5,5,test
scratches_168.jpg,scratches,5,5,test
scratches_169.jpg,scratches,5,5,test
scratches_17.jpg,scratches,5,0,test
scratches_170.jpg,scratches,5,5,test
scratches_171.jpg,scratches,5,5,test
scratches_172.jpg,scratches,5,5,test
scratches_173.jpg,scratches,5,5,test
scratches_174.jpg,scratches,5,5,test
scratches_175.jpg,scratches,5,5,test
scratches_176.jpg,scratches,5,5,test
scratches_177.jpg,scratches,5,5,test
scratches_178.jpg,scratches,5,5,test
scratches_179.jpg,scratches,5,5,test
scratches_18.jpg,scratches,5,0,test
scratches_180.jpg,scratches,5,5,test
scratches_181.jpg,scratches,5,6,train
scratches_182.jpg,scratches,5,6,train
scratches_183.jpg,scratches,5,6,train
scratches_184.jpg,scratches,5,6,train
scratches_185.jpg,scratches,5,6,train
scratches_186.jpg,scratches,5,6,train
scratches_187.jpg,scratches,5,6,train
scratches_188.jpg,scratches,5,6,train
scratches_189.jpg,scratches,5,6,train
scratches_19.jpg,scratches,5,0,test
scratches_190.jpg,scratches,5,6,train
scratches_191.jpg,scratches,5,6,train
scratches_192.jpg,scratches,5,6,train
scratches_193.jpg,scratches,5,6,train
scratches_194.jpg,scratches,5,6,train
scratches_195.jpg,scratches,5,6,train
scratches_196.jpg,scratches,5,6,train
scratches_197.jpg,scratches,5,6,train
scratches_198.jpg,scratches,5,6,train
scratches_199.jpg,scratches,5,6,train
scratches_2.jpg,scratches,5,0,test
scratches_20.jpg,scratches,5,0,test
scratches_200.jpg,scratches,5,6,train
scratches_201.jpg,scratches,5,6,train
scratches_202.jpg,scratches,5,6,train
scratches_203.jpg,scratches,5,6,train
scratches_204.jpg,scratches,5,6,train
scratches_205.jpg,scratches,5,6,train
scratches_206.jpg,scratches,5,6,train
scratches_207.jpg,scratches,5,6,train
scratches_208.jpg,scratches,5,6,train
scratches_209.jpg,scratches,5,6,train
scratches_21.jpg,scratches,5,0,test
scratches_210.jpg,scratches,5,6,train
scratches_211.jpg,scratches,5,7,train
scratches_212.jpg,scratches,5,7,train
scratches_213.jpg,scratches,5,7,train
scratches_214.jpg,scratches,5,7,train
scratches_215.jpg,scratches,5,7,train
scratches_216.jpg,scratches,5,7,train
scratches_217.jpg,scratches,5,7,train
scratches_218.jpg,scratches,5,7,train
scratches_219.jpg,scratches,5,7,train
scratches_22.jpg,scratches,5,0,test
scratches_220.jpg,scratches,5,7,train
scratches_221.jpg,scratches,5,7,train
scratches_222.jpg,scratches,5,7,train
scratches_223.jpg,scratches,5,7,train
scratches_224.jpg,scratches,5,7,train
scratches_225.jpg,scratches,5,7,train
scratches_226.jpg,scratches,5,7,train
scratches_227.jpg,scratches,5,7,train
scratches_228.jpg,scratches,5,7,train
scratches_229.jpg,scratches,5,7,train
scratches_23.jpg,scratches,5,0,test
scratches_230.jpg,scratches,5,7,train
scratches_231.jpg,scratches,5,7,train
scratches_232.jpg,scratches,5,7,train
scratches_233.jpg,scratches,5,7,train
scratches_234.jpg,scratches,5,7,train
scratches_235.jpg,scratches,5,7,train
scratches_236.jpg,scratches,5,7,train
scratches_237.jpg,scratches,5,7,train
scratches_238.jpg,scratches,5,7,train
scratches_239.jpg,scratches,5,7,train
scratches_24.jpg,scratches,5,0,test
scratches_240.jpg,scratches,5,7,train
scratches_241.jpg,scratches,5,8,val
scratches_242.jpg,scratches,5,8,val
scratches_243.jpg,scratches,5,8,val
scratches_244.jpg,scratches,5,8,val
scratches_245.jpg,scratches,5,8,val
scratches_246.jpg,scratches,5,8,val
scratches_247.jpg,scratches,5,8,val
scratches_248.jpg,scratches,5,8,val
scratches_249.jpg,scratches,5,8,val
scratches_25.jpg,scratches,5,0,test
scratches_250.jpg,scratches,5,8,val
scratches_251.jpg,scratches,5,8,val
scratches_252.jpg,scratches,5,8,val
scratches_253.jpg,scratches,5,8,val
scratches_254.jpg,scratches,5,8,val
scratches_255.jpg,scratches,5,8,val
scratches_256.jpg,scratches,5,8,val
scratches_257.jpg,scratches,5,8,val
scratches_258.jpg,scratches,5,8,val
scratches_259.jpg,scratches,5,8,val
scratches_26.jpg,scratches,5,0,test
scratches_260.jpg,scratches,5,8,val
scratches_261.jpg,scratches,5,8,val
scratches_262.jpg,scratches,5,8,val
scratches_263.jpg,scratches,5,8,val
scratches_264.jpg,scratches,5,8,val
scratches_265.jpg,scratches,5,8,val
scratches_266.jpg,scratches,5,8,val
scratches_267.jpg,scratches,5,8,val
scratches_268.jpg,scratches,5,8,val
scratches_269.jpg,scratches,5,8,val
scratches_27.jpg,scratches,5,0,test
scratches_270.jpg,scratches,5,8,val
scratches_271.jpg,scratches,5,9,train
scratches_272.jpg,scratches,5,9,train
scratches_273.jpg,scratches,5,9,train
scratches_274.jpg,scratches,5,9,train
scratches_275.jpg,scratches,5,9,train
scratches_276.jpg,scratches,5,9,train
scratches_277.jpg,scratches,5,9,train
scratches_278.jpg,scratches,5,9,train
scratches_279.jpg,scratches,5,9,train
scratches_28.jpg,scratches,5,0,test
scratches_280.jpg,scratches,5,9,train
scratches_281.jpg,scratches,5,9,train
scratches_282.jpg,scratches,5,9,train
scratches_283.jpg,scratches,5,9,train
scratches_284.jpg,scratches,5,9,train
scratches_285.jpg,scratches,5,9,train
scratches_286.jpg,scratches,5,9,train
scratches_287.jpg,scratches,5,9,train
scratches_288.jpg,scratches,5,9,train
scratches_289.jpg,scratches,5,9,train
scratches_29.jpg,scratches,5,0,test
scratches_290.jpg,scratches,5,9,train
scratches_291.jpg,scratches,5,9,train
scratches_292.jpg,scratches,5,9,train
scratches_293.jpg,scratches,5,9,train
scratches_294.jpg,scratches,5,9,train
scratches_295.jpg,scratches,5,9,train
scratches_296.jpg,scratches,5,9,train
scratches_297.jpg,scratches,5,9,train
scratches_298.jpg,scratches,5,9,train
scratches_299.jpg,scratches,5,9,train
scratches_3.jpg,scratches,5,0,test
scratches_30.jpg,scratches,5,0,test
scratches_300.jpg,scratches,5,9,train
scratches_31.jpg,scratches,5,1,val
scratches_32.jpg,scratches,5,1,val
scratches_33.jpg,scratches,5,1,val
scratches_34.jpg,scratches,5,1,val
scratches_35.jpg,scratches,5,1,val
scratches_36.jpg,scratches,5,1,val
scratches_37.jpg,scratches,5,1,val
scratches_38.jpg,scratches,5,1,val
scratches_39.jpg,scratches,5,1,val
scratches_4.jpg,scratches,5,0,test
scratches_40.jpg,scratches,5,1,val
scratches_41.jpg,scratches,5,1,val
scratches_42.jpg,scratches,5,1,val
scratches_43.jpg,scratches,5,1,val
scratches_44.jpg,scratches,5,1,val
scratches_45.jpg,scratches,5,1,val
scratches_46.jpg,scratches,5,1,val
scratches_47.jpg,scratches,5,1,val
scratches_48.jpg,scratches,5,1,val
scratches_49.jpg,scratches,5,1,val
scratches_5.jpg,scratches,5,0,test
scratches_50.jpg,scratches,5,1,val
scratches_51.jpg,scratches,5,1,val
scratches_52.jpg,scratches,5,1,val
scratches_53.jpg,scratches,5,1,val
scratches_54.jpg,scratches,5,1,val
scratches_55.jpg,scratches,5,1,val
scratches_56.jpg,scratches,5,1,val
scratches_57.jpg,scratches,5,1,val
scratches_58.jpg,scratches,5,1,val
scratches_59.jpg,scratches,5,1,val
scratches_6.jpg,scratches,5,0,test
scratches_60.jpg,scratches,5,1,val
scratches_61.jpg,scratches,5,2,train
scratches_62.jpg,scratches,5,2,train
scratches_63.jpg,scratches,5,2,train
scratches_64.jpg,scratches,5,2,train
scratches_65.jpg,scratches,5,2,train
scratches_66.jpg,scratches,5,2,train
scratches_67.jpg,scratches,5,2,train
scratches_68.jpg,scratches,5,2,train
scratches_69.jpg,scratches,5,2,train
scratches_7.jpg,scratches,5,0,test
scratches_70.jpg,scratches,5,2,train
scratches_71.jpg,scratches,5,2,train
scratches_72.jpg,scratches,5,2,train
scratches_73.jpg,scratches,5,2,train
scratches_74.jpg,scratches,5,2,train
scratches_75.jpg,scratches,5,2,train
scratches_76.jpg,scratches,5,2,train
scratches_77.jpg,scratches,5,2,train
scratches_78.jpg,scratches,5,2,train
scratches_79.jpg,scratches,5,2,train
scratches_8.jpg,scratches,5,0,test
scratches_80.jpg,scratches,5,2,train
scratches_81.jpg,scratches,5,2,train
scratches_82.jpg,scratches,5,2,train
scratches_83.jpg,scratches,5,2,train
scratches_84.jpg,scratches,5,2,train
scratches_85.jpg,scratches,5,2,train
scratches_86.jpg,scratches,5,2,train
scratches_87.jpg,scratches,5,2,train
scratches_88.jpg,scratches,5,2,train
scratches_89.jpg,scratches,5,2,train
scratches_9.jpg,scratches,5,0,test
scratches_90.jpg,scratches,5,2,train
scratches_91.jpg,scratches,5,3,train
scratches_92.jpg,scratches,5,3,train
scratches_93.jpg,scratches,5,3,train
scratches_94.jpg,scratches,5,3,train
scratches_95.jpg,scratches,5,3,train
scratches_96.jpg,scratches,5,3,train
scratches_97.jpg,scratches,5,3,train
scratches_98.jpg,scratches,5,3,train
scratches_99.jpg,scratches,5,3,train
